日期,质量等级,AQI指数,当天AQI排名,PM2.5,PM10,So2,No2,Co,O3
2015-01-01,良,87,224,54,119,72,54,1.6,25
2015-01-02,轻度污染,125,521,87,175,96,65,2.04,20
2015-01-03,中度污染,160,280,122,212,86,75,2.04,22
2015-01-04,重度污染,212,280,164,290,129,89,2.71,30
2015-01-05,重度污染,241,318,192,294,100,78,2.6,17
2015-01-06,良,73,185,44,90,42,43,1.32,20
2015-01-07,轻度污染,109,290,78,137,78,60,2.05,10
2015-01-08,重度污染,205,346,154,271,117,82,3.01,8
2015-01-09,严重污染,328,364,256,432,130,107,3.43,5
2015-01-10,严重污染,289,357,239,332,125,104,3.43,8
2015-01-11,中度污染,170,296,128,198,61,64,2.51,9
2015-01-12,良,72,147,49,82,58,40,1.38,15
2015-01-13,良,80,170,57,89,60,38,1.05,15
2015-01-14,轻度污染,115,233,86,118,47,40,1.37,12
2015-01-15,重度污染,212,313,169,225,50,56,2.06,10
2015-01-16,中度污染,182,305,134,215,31,42,1.97,17
2015-01-17,良,76,107,40,97,46,44,1.2,14
2015-01-18,轻度污染,112,210,66,150,41,34,1.21,17
2015-01-19,良,87,150,45,116,59,52,1.4,16
2015-01-20,轻度污染,103,208,68,138,57,51,1.42,19
2015-01-21,轻度污染,121,222,88,167,53,50,1.8,13
2015-01-22,良,91,143,60,101,46,45,1.51,15
2015-01-23,中度污染,160,267,120,177,77,64,1.79,19
2015-01-24,中度污染,178,267,134,204,71,67,2.15,16
2015-01-25,轻度污染,145,203,109,128,38,52,2.1,8
2015-01-26,中度污染,164,230,127,182,54,49,2.3,8
2015-01-27,良,51,73,22,54,36,28,1.17,19
2015-01-28,良,75,269,54,87,68,40,1.59,24
2015-01-29,轻度污染,129,334,97,130,59,44,1.53,17
2015-01-30,良,82,230,50,99,45,42,1.51,25
2015-01-31,良,91,259,59,116,84,58,1.75,15
2015-02-01,轻度污染,129,301,96,169,91,52,2.25,11
2015-02-02,中度污染,172,323,129,212,97,62,2.3,18
2015-02-03,重度污染,229,332,178,264,116,87,2.69,19
2015-02-04,轻度污染,143,255,94,158,54,54,1.95,30
2015-02-05,良,64,116,32,74,51,57,1.34,24
2015-02-06,轻度污染,111,250,79,154,78,58,1.98,17
2015-02-07,良,99,188,61,135,28,27,2.27,7
2015-02-08,优,45,40,19,46,26,22,1.06,26
2015-02-09,良,93,228,64,124,72,49,1.65,23
2015-02-10,轻度污染,127,257,94,150,40,37,1.7,26
2015-02-11,中度污染,168,302,129,218,83,70,2.75,14
2015-02-12,轻度污染,109,191,78,142,46,47,2.42,13
2015-02-13,中度污染,153,286,116,165,61,52,2.15,31
2015-02-14,良,98,141,68,135,34,32,1.65,29
2015-02-15,轻度污染,146,266,110,157,35,52,2.21,20
2015-02-16,中度污染,165,306,112,198,35,47,1.61,30
2015-02-17,轻度污染,127,265,89,168,66,53,2.24,31
2015-02-18,轻度污染,110,258,76,135,54,32,1.52,46
2015-02-19,中度污染,163,285,126,164,76,34,1.64,44
2015-02-20,良,68,208,48,63,31,25,1.42,35
2015-02-21,良,89,250,64,110,21,24,1.63,13
2015-02-22,良,73,154,24,93,18,15,1.04,27
2015-02-23,良,67,147,35,82,41,33,1.46,23
2015-02-24,良,94,262,61,119,51,33,1.48,23
2015-02-25,轻度污染,134,320,97,167,35,30,1.68,41
2015-02-26,轻度污染,116,322,85,145,63,36,1.89,51
2015-02-27,良,69,272,43,82,45,28,1.37,50
2015-02-28,良,73,271,47,83,50,41,1.34,33
2015-03-01,轻度污染,106,323,74,118,49,52,1.37,39
2015-03-02,良,94,265,67,129,53,51,1.34,49
2015-03-03,良,93,256,45,120,30,28,0.95,51
2015-03-04,良,59,195,27,66,38,38,0.96,40
2015-03-05,良,97,311,66,131,81,48,1.44,39
2015-03-06,轻度污染,124,319,92,145,67,53,1.33,47
2015-03-07,轻度污染,120,316,90,133,42,51,1.02,54
2015-03-08,轻度污染,145,334,109,162,38,55,1.3,34
2015-03-09,良,80,233,42,101,32,34,1.13,43
2015-03-10,良,76,244,40,99,57,46,1.05,42
2015-03-11,良,79,227,47,98,44,47,0.98,61
2015-03-12,中度污染,169,351,128,216,56,68,1.63,73
2015-03-13,中度污染,195,357,141,271,73,78,2.18,49
2015-03-14,良,91,179,62,126,59,51,1.49,55
2015-03-15,轻度污染,116,241,84,137,28,42,1.29,27
2015-03-16,轻度污染,135,292,101,131,28,44,1.46,33
2015-03-17,良,77,189,54,96,26,40,1.61,21
2015-03-18,良,85,261,55,112,29,44,1.8,14
2015-03-19,轻度污染,112,298,80,140,28,38,2.31,10
2015-03-20,轻度污染,124,291,87,171,30,49,1.85,19
2015-03-21,良,87,213,43,115,19,36,1.21,34
2015-03-22,轻度污染,112,270,38,169,43,45,1.47,47
2015-03-23,轻度污染,129,349,58,205,56,51,1.7,44
2015-03-24,良,94,289,57,136,54,43,1.8,59
2015-03-25,良,78,232,45,103,36,41,1.5,73
2015-03-26,良,86,258,59,116,43,34,1.45,102
2015-03-27,良,99,267,72,136,51,43,1.65,84
2015-03-28,良,95,224,52,130,33,41,1.62,69
2015-03-29,中度污染,157,315,70,250,50,54,2.06,58
2015-03-30,轻度污染,148,321,103,208,33,30,1.74,126
2015-03-31,轻度污染,125,316,92,162,30,33,1.98,62
2015-04-01,优,45,63,29,42,15,20,1.54,58
2015-04-02,良,62,200,43,50,12,34,1.71,43
2015-04-03,轻度污染,113,333,84,128,38,38,2.09,59
2015-04-04,中度污染,159,334,120,173,49,52,2.23,50
2015-04-05,轻度污染,131,309,99,168,35,49,2.68,44
2015-04-06,良,57,194,21,63,21,14,1.42,44
2015-04-07,良,53,206,31,60,27,23,1.43,68
2015-04-08,良,80,285,56,101,41,46,1.28,51
2015-04-09,良,95,312,70,104,32,34,1.34,71
2015-04-10,轻度污染,101,306,73,125,27,49,1.64,60
2015-04-11,良,84,250,61,93,27,24,1.54,50
2015-04-12,良,58,96,30,64,9,14,1.34,51
2015-04-13,优,49,33,33,48,10,26,1.51,55
2015-04-14,良,87,257,62,105,34,50,1.76,71
2015-04-15,良,77,130,44,102,41,41,1.42,82
2015-04-16,轻度污染,112,261,28,168,19,22,1.31,73
2015-04-17,轻度污染,129,308,53,207,53,41,1.45,64
2015-04-18,良,83,189,51,104,64,40,2.09,94
2015-04-19,优,40,27,19,29,19,27,1.36,65
2015-04-20,良,92,321,61,131,32,49,1.79,56
2015-04-21,良,94,306,55,136,32,39,1.53,83
2015-04-22,良,99,320,68,141,36,37,1.6,77
2015-04-23,良,96,273,54,134,44,35,0.96,97
2015-04-24,轻度污染,115,325,72,158,46,49,1.41,82
2015-04-25,轻度污染,115,290,68,162,43,44,1.08,100
2015-04-26,轻度污染,113,308,61,143,41,41,0.86,138
2015-04-27,良,86,217,50,116,46,35,0.96,116
2015-04-28,良,100,295,71,133,39,44,1.28,67
2015-04-29,中度污染,156,350,114,203,31,50,1.67,79
2015-04-30,轻度污染,115,302,73,139,32,44,1.37,106
2015-05-01,良,94,282,58,102,33,28,0.95,119
2015-05-02,良,90,342,64,107,17,31,1.15,62
2015-05-03,良,98,307,67,127,27,31,1.22,76
2015-05-04,良,78,247,23,104,33,23,0.69,81
2015-05-05,良,89,266,54,116,34,26,0.84,107
2015-05-06,良,98,264,69,119,42,39,1.25,67
2015-05-07,良,75,155,39,84,44,27,0.7,91
2015-05-08,良,70,216,49,82,29,31,0.71,94
2015-05-09,轻度污染,105,334,77,112,28,36,1.07,50
2015-05-10,良,66,194,39,77,26,27,0.65,66
2015-05-11,优,46,103,25,47,13,35,0.71,43
2015-05-12,良,80,304,27,108,29,33,0.78,72
2015-05-13,良,91,292,53,128,31,30,0.59,88
2015-05-14,良,99,292,55,145,29,41,0.81,64
2015-05-15,良,87,290,46,120,47,38,0.95,96
2015-05-16,轻度污染,109,338,68,149,43,46,1.01,106
2015-05-17,良,87,238,45,112,44,28,0.91,120
2015-05-18,良,84,241,54,107,29,30,0.94,101
2015-05-19,轻度污染,104,289,54,145,46,32,1.09,109
2015-05-20,良,73,223,21,60,15,17,1.26,102
2015-05-21,良,85,314,54,114,51,45,1.78,62
2015-05-22,良,87,274,57,110,48,40,1.69,80
2015-05-23,轻度污染,104,294,51,99,37,42,1.39,131
2015-05-24,轻度污染,120,314,65,115,52,45,1.79,146
2015-05-25,轻度污染,122,297,77,142,46,36,1.7,130
2015-05-26,良,87,220,60,96,24,22,1.44,84
2015-05-27,良,91,234,51,108,41,30,1.41,105
2015-05-28,良,64,170,37,71,37,17,1.07,85
2015-05-29,良,78,284,52,95,25,29,1.33,46
2015-05-30,良,68,244,40,80,13,38,1.52,55
2015-05-31,良,76,213,47,92,23,20,1.31,83
2015-06-01,良,86,229,45,107,37,29,1.35,115
2015-06-02,轻度污染,107,325,67,135,38,28,1.43,117
2015-06-03,良,81,324,32,87,30,30,1.13,108
2015-06-04,良,76,285,35,101,43,37,0.98,77
2015-06-05,良,83,289,34,113,27,33,0.84,93
2015-06-06,良,84,257,36,116,18,23,0.79,63
2015-06-07,良,88,305,54,102,25,26,1.27,87
2015-06-08,良,69,276,36,67,17,29,1.18,86
2015-06-09,轻度污染,137,344,82,171,43,42,1.34,133
2015-06-10,轻度污染,131,337,72,159,28,26,1.32,153
2015-06-11,良,75,252,25,95,14,31,0.81,76
2015-06-12,良,100,325,50,142,35,51,1.01,103
2015-06-13,良,83,293,34,99,19,44,1.0,99
2015-06-14,良,97,314,41,90,24,31,1.24,142
2015-06-15,轻度污染,118,334,76,148,63,42,1.83,143
2015-06-16,轻度污染,146,354,111,186,30,38,1.56,102
2015-06-17,轻度污染,120,324,84,152,24,44,1.47,76
2015-06-18,轻度污染,117,342,71,115,26,27,1.35,76
2015-06-19,良,78,290,52,81,20,26,1.35,73
2015-06-20,良,57,185,34,57,19,32,1.49,59
2015-06-21,良,71,212,49,85,21,21,1.53,62
2015-06-22,良,92,300,66,109,20,30,1.43,85
2015-06-23,良,94,308,65,124,37,40,1.5,75
2015-06-24,优,48,170,25,47,18,18,1.43,57
2015-06-25,优,27,18,11,22,6,19,1.23,44
2015-06-26,良,68,273,46,78,15,29,1.44,70
2015-06-27,轻度污染,114,338,76,131,22,29,1.76,120
2015-06-28,良,93,317,48,87,16,23,1.33,104
2015-06-29,良,55,224,30,46,14,22,1.22,73
2015-06-30,良,56,234,30,60,8,29,1.36,66
2015-07-01,良,85,332,40,87,15,34,1.44,107
2015-07-02,良,88,324,36,95,30,42,1.43,109
2015-07-03,轻度污染,108,341,34,89,38,44,1.48,144
2015-07-04,轻度污染,102,342,40,86,40,39,1.71,132
2015-07-05,轻度污染,113,357,59,119,36,33,1.53,143
2015-07-06,轻度污染,109,345,72,146,26,38,1.62,108
2015-07-07,轻度污染,110,334,80,154,16,28,1.55,110
2015-07-08,轻度污染,135,348,86,175,30,27,1.65,113
2015-07-09,轻度污染,101,318,61,134,30,42,1.74,106
2015-07-10,轻度污染,115,352,64,119,31,27,1.58,119
2015-07-11,优,49,139,26,51,10,11,1.46,21
2015-07-12,良,57,151,35,62,11,14,1.37,34
2015-07-13,轻度污染,116,339,60,108,12,31,1.47,122
2015-07-14,轻度污染,110,316,51,91,25,29,1.47,136
2015-07-15,良,85,286,51,88,29,38,1.67,105
2015-07-16,良,99,341,72,127,23,39,1.77,36
2015-07-17,良,71,276,48,76,19,29,1.67,71
2015-07-18,良,58,185,34,63,9,16,1.39,43
2015-07-19,优,33,17,20,32,14,14,1.24,37
2015-07-20,良,55,138,33,58,20,25,1.39,51
2015-07-21,良,78,291,53,82,9,21,1.4,110
2015-07-22,良,81,299,50,89,14,25,1.41,107
2015-07-23,良,68,277,41,71,12,37,1.29,82
2015-07-24,良,82,318,42,89,15,34,1.26,81
2015-07-25,良,57,179,33,58,9,22,1.24,68
2015-07-26,良,85,285,57,94,13,27,1.39,100
2015-07-27,良,88,306,50,87,21,29,1.55,115
2015-07-28,良,54,176,26,54,10,24,1.1,71
2015-07-29,良,58,207,22,55,9,23,1.02,87
2015-07-30,良,65,282,23,56,11,22,0.99,101
2015-07-31,良,61,273,17,34,11,22,1.05,105
2015-08-01,良,73,303,47,91,14,34,1.35,84
2015-08-02,良,54,177,25,52,8,19,1.16,91
2015-08-03,良,62,268,27,60,8,23,1.15,85
2015-08-04,优,43,95,21,39,11,27,1.5,60
2015-08-05,良,65,239,38,72,14,29,1.5,79
2015-08-06,优,44,94,23,45,15,29,1.82,41
2015-08-07,良,61,216,32,62,13,31,1.74,58
2015-08-08,优,47,162,23,46,15,19,1.4,49
2015-08-09,优,47,185,25,49,18,17,1.53,42
2015-08-10,优,50,213,23,52,25,25,1.69,56
2015-08-11,良,76,313,39,83,19,31,1.4,84
2015-08-12,良,86,317,45,98,25,40,1.22,100
2015-08-13,轻度污染,116,339,69,134,25,44,1.28,126
2015-08-14,良,99,314,65,128,27,30,1.17,120
2015-08-15,良,82,309,47,83,18,26,2.56,112
2015-08-16,轻度污染,106,315,59,123,23,35,1.16,125
2015-08-17,轻度污染,111,311,76,163,34,47,1.4,100
2015-08-18,轻度污染,102,323,74,137,34,31,1.32,96
2015-08-19,良,76,316,45,100,27,35,1.13,67
2015-08-20,良,78,334,42,92,28,36,1.03,78
2015-08-21,良,89,324,48,113,25,50,1.27,98
2015-08-22,轻度污染,110,344,67,140,34,42,1.49,97
2015-08-23,良,77,292,29,64,25,31,1.19,111
2015-08-24,良,88,348,55,116,26,34,1.49,83
2015-08-25,良,59,177,29,61,14,38,1.06,64
2015-08-26,良,57,138,27,62,23,40,1.12,46
2015-08-27,良,63,184,29,64,46,40,1.18,69
2015-08-28,良,76,248,43,91,38,50,1.53,65
2015-08-29,良,70,243,43,86,25,43,1.28,69
2015-08-30,良,89,309,52,102,30,41,1.62,91
2015-08-31,良,81,294,54,109,41,32,1.46,72
2015-09-01,良,53,175,28,52,17,22,1.06,70
2015-09-02,优,50,160,20,46,16,30,0.86,67
2015-09-03,良,69,273,35,80,31,43,1.02,75
2015-09-04,良,84,323,57,108,47,34,1.3,83
2015-09-05,良,64,315,38,74,22,24,1.11,82
2015-09-06,良,63,289,33,66,21,22,0.86,83
2015-09-07,良,67,274,26,64,31,36,0.88,94
2015-09-08,良,72,268,43,88,42,36,1.19,89
2015-09-09,良,70,278,40,88,55,40,0.97,41
2015-09-10,良,98,346,71,127,32,28,1.44,67
2015-09-11,优,50,186,32,49,17,32,1.26,22
2015-09-12,优,43,138,20,44,13,29,0.74,36
2015-09-13,良,71,297,33,90,40,49,0.86,38
2015-09-14,良,83,325,50,105,49,42,1.05,61
2015-09-15,良,61,174,33,70,32,30,1.22,55
2015-09-16,良,71,231,42,91,23,39,1.1,55
2015-09-17,良,90,303,59,119,34,46,1.26,60
2015-09-18,良,85,277,51,117,24,49,0.94,57
2015-09-19,轻度污染,108,314,69,163,26,62,1.26,22
2015-09-20,良,71,247,38,90,26,45,0.99,91
2015-09-21,轻度污染,107,317,77,151,36,38,1.27,78
2015-09-22,良,94,320,68,117,21,31,1.01,49
2015-09-23,良,78,306,48,105,25,41,0.88,59
2015-09-24,轻度污染,134,343,92,196,31,61,1.5,44
2015-09-25,轻度污染,122,350,89,159,25,40,1.34,43
2015-09-26,良,77,305,46,101,28,44,0.99,55
2015-09-27,轻度污染,105,340,74,152,38,45,1.18,63
2015-09-28,轻度污染,112,351,84,137,43,34,1.53,69
2015-09-29,良,52,177,32,53,22,25,0.75,56
2015-09-30,优,49,174,26,53,25,27,0.65,44
2015-10-01,良,54,175,22,58,13,24,0.44,38
2015-10-02,轻度污染,125,345,61,198,26,52,0.71,40
2015-10-03,轻度污染,132,339,88,198,40,59,1.13,44
2015-10-04,轻度污染,140,340,101,212,43,48,1.14,76
2015-10-05,轻度污染,136,336,100,186,24,47,0.82,68
2015-10-06,轻度污染,124,324,92,159,36,46,1.07,60
2015-10-07,优,49,169,30,49,17,31,0.66,33
2015-10-08,良,54,223,22,61,17,33,0.59,31
2015-10-09,良,80,318,42,109,33,53,0.66,35
2015-10-10,优,47,148,22,50,16,30,0.46,44
2015-10-11,良,74,258,37,96,34,50,0.77,37
2015-10-12,良,87,276,47,124,45,58,1.18,30
2015-10-13,良,96,263,63,137,45,64,1.39,60
2015-10-14,轻度污染,144,316,106,196,53,69,1.53,83
2015-10-15,轻度污染,150,314,113,178,44,59,1.5,82
2015-10-16,重度污染,217,343,170,278,37,81,2.39,50
2015-10-17,中度污染,189,346,143,244,41,63,1.93,79
2015-10-18,中度污染,188,356,143,232,46,56,1.84,57
2015-10-19,中度污染,152,345,115,201,35,46,1.83,41
2015-10-20,中度污染,151,332,113,189,33,54,1.58,53
2015-10-21,中度污染,156,340,118,198,41,45,1.68,53
2015-10-22,轻度污染,131,332,98,164,28,38,1.8,40
2015-10-23,中度污染,162,346,122,236,23,59,2.39,19
2015-10-24,轻度污染,145,332,108,176,30,46,1.78,41
2015-10-25,良,77,226,51,101,48,38,1.41,31
2015-10-26,良,80,244,54,92,16,37,1.63,22
2015-10-27,良,73,274,38,93,21,43,0.88,18
2015-10-28,轻度污染,102,330,71,143,46,48,2.0,20
2015-10-29,良,62,209,40,59,37,34,1.23,38
2015-10-30,良,55,176,29,61,35,46,1.27,25
2015-10-31,良,92,302,60,127,54,57,1.93,20
2015-11-01,良,89,297,64,111,38,53,1.29,36
2015-11-02,轻度污染,141,319,106,162,47,66,1.8,26
2015-11-03,轻度污染,123,283,92,140,59,57,1.57,65
2015-11-04,轻度污染,119,277,89,128,48,51,1.57,53
2015-11-05,轻度污染,108,280,80,120,33,44,1.81,24
2015-11-06,优,24,13,15,17,12,24,1.2,27
2015-11-07,优,37,71,24,35,12,28,1.29,27
2015-11-08,良,62,191,44,68,23,40,1.66,14
2015-11-09,良,98,254,70,134,21,53,2.11,12
2015-11-10,轻度污染,146,323,107,191,57,59,2.56,9
2015-11-11,轻度污染,150,317,113,193,56,67,3.18,12
2015-11-12,中度污染,152,310,115,171,47,68,3.39,31
2015-11-13,良,78,231,54,100,27,55,2.4,22
2015-11-14,良,61,149,41,66,25,45,2.56,30
2015-11-15,轻度污染,111,280,83,126,70,52,2.31,29
2015-11-16,良,79,253,57,89,29,51,2.52,11
2015-11-17,良,69,231,49,68,54,47,2.32,22
2015-11-18,良,70,284,49,71,36,41,1.41,25
2015-11-19,良,93,319,68,93,55,46,2.31,7
2015-11-20,轻度污染,104,317,77,127,80,60,1.91,8
2015-11-21,良,68,227,44,82,37,54,2.5,10
2015-11-22,优,29,32,16,27,17,36,1.61,15
2015-11-23,优,29,32,18,28,22,21,1.0,34
2015-11-24,优,38,148,25,37,22,23,1.01,41
2015-11-25,良,80,305,58,75,43,39,1.62,22
2015-11-26,优,50,149,27,54,29,29,0.97,48
2015-11-27,良,99,303,73,114,67,54,1.52,29
2015-11-28,轻度污染,129,300,97,148,92,59,1.81,31
2015-11-29,重度污染,211,335,163,250,85,75,2.86,13
2015-11-30,重度污染,238,329,189,295,77,68,3.44,6
2015-12-01,轻度污染,139,282,105,200,58,59,2.62,9
2015-12-02,良,79,200,49,97,30,32,1.67,34
2015-12-03,优,49,125,17,51,23,22,1.04,51
2015-12-04,良,69,242,39,86,37,76,1.36,56
2015-12-05,轻度污染,113,284,76,173,117,72,2.99,17
2015-12-06,中度污染,157,330,105,203,111,73,2.54,16
2015-12-07,中度污染,198,322,151,245,139,71,2.24,14
2015-12-08,中度污染,162,294,123,184,87,54,1.47,33
2015-12-09,轻度污染,124,269,93,146,69,62,1.51,21
2015-12-10,中度污染,197,309,153,228,43,49,1.98,24
2015-12-11,良,73,172,50,77,33,25,0.85,28
2015-12-12,轻度污染,124,273,92,147,59,47,1.66,19
2015-12-13,中度污染,192,327,147,219,59,53,2.38,18
2015-12-14,重度污染,227,333,180,246,58,55,2.96,17
2015-12-15,轻度污染,115,280,80,121,27,28,1.67,24
2015-12-16,优,34,39,17,33,11,11,0.67,31
2015-12-17,良,70,265,39,85,25,34,1.34,16
2015-12-18,轻度污染,137,338,101,190,68,52,2.22,21
2015-12-19,中度污染,199,341,152,254,71,69,3.05,16
2015-12-20,严重污染,269,347,218,312,75,74,2.92,21
2015-12-21,严重污染,294,331,242,370,83,72,2.9,30
2015-12-22,中度污染,195,265,148,248,58,52,2.3,21
2015-12-23,中度污染,198,251,152,258,55,55,2.93,15
2015-12-24,严重污染,390,347,337,473,71,90,4.32,16
2015-12-25,严重污染,305,349,238,409,58,88,4.76,13
2015-12-26,重度污染,227,354,152,321,67,68,3.61,15
2015-12-27,良,64,144,40,68,38,25,1.04,34
2015-12-28,轻度污染,126,275,82,166,53,50,1.65,25
2015-12-29,中度污染,180,300,136,215,59,54,1.44,21
2015-12-30,中度污染,182,280,141,203,45,59,1.99,22
2015-12-31,中度污染,177,278,135,212,65,65,2.28,17
2016-01-01,中度污染,172,293,129,187,50,53,1.59,42
2016-01-02,严重污染,267,339,213,306,73,78,2.78,23
2016-01-03,严重污染,405,353,345,485,79,106,4.06,8
2016-01-04,严重污染,258,338,210,305,47,61,3.14,19
2016-01-05,轻度污染,116,284,86,128,44,40,1.71,18
2016-01-06,轻度污染,138,301,105,156,40,51,1.85,12
2016-01-07,轻度污染,109,269,81,124,39,58,1.72,12
2016-01-08,轻度污染,136,311,96,173,47,67,2.27,13
2016-01-09,轻度污染,145,260,108,191,61,67,2.75,16
2016-01-10,重度污染,232,328,186,293,103,79,3.06,19
2016-01-11,良,95,269,70,102,46,35,0.95,40
2016-01-12,良,87,267,63,105,42,55,1.26,23
2016-01-13,轻度污染,124,288,93,158,56,63,1.41,22
2016-01-14,中度污染,161,314,119,190,86,76,2.31,11
2016-01-15,中度污染,153,306,117,194,93,75,2.69,14
2016-01-16,中度污染,193,322,151,236,117,83,3.08,16
2016-01-17,中度污染,197,339,157,222,65,55,2.39,20
2016-01-18,轻度污染,122,276,92,126,66,43,1.56,25
2016-01-19,轻度污染,143,300,107,170,79,62,2.13,15
2016-01-20,轻度污染,108,288,79,141,97,63,2.15,20
2016-01-21,轻度污染,107,296,79,134,82,66,2.35,20
2016-01-22,轻度污染,119,319,84,143,78,57,2.54,22
2016-01-23,良,55,173,28,59,26,17,1.48,53
2016-01-24,良,55,177,21,60,26,27,1.55,42
2016-01-25,良,100,332,68,139,70,62,2.34,16
2016-01-26,轻度污染,117,323,86,155,84,73,2.8,16
2016-01-27,中度污染,151,333,113,192,86,73,2.77,22
2016-01-28,中度污染,181,333,138,223,104,86,3.12,19
2016-01-29,轻度污染,146,310,110,158,54,53,1.61,33
2016-01-30,良,91,249,67,95,39,42,1.45,25
2016-01-31,良,70,199,50,69,36,41,1.38,31
2016-02-01,良,90,225,62,116,49,64,1.92,27
2016-02-02,轻度污染,140,314,108,171,81,79,2.51,27
2016-02-03,中度污染,195,352,150,236,87,91,2.42,33
2016-02-04,中度污染,162,321,123,196,81,82,2.38,43
2016-02-05,轻度污染,101,242,74,127,60,47,1.92,47
2016-02-06,良,68,187,44,73,47,45,1.31,46
2016-02-07,轻度污染,120,308,88,153,88,50,1.71,44
2016-02-08,重度污染,219,301,171,245,121,45,1.63,56
2016-02-09,良,93,217,67,104,60,26,1.33,74
2016-02-10,良,95,247,70,102,52,28,1.57,89
2016-02-11,中度污染,158,305,121,163,64,52,2.01,39
2016-02-12,严重污染,259,353,208,261,81,61,3.05,23
2016-02-13,良,58,224,40,33,19,17,0.87,49
2016-02-14,优,38,122,14,23,20,14,0.44,71
2016-02-15,优,46,202,25,46,33,32,0.72,54
2016-02-16,良,51,195,30,53,35,39,0.94,56
2016-02-17,良,79,286,54,97,50,43,1.52,47
2016-02-18,良,77,197,54,86,39,38,1.05,53
2016-02-19,良,99,215,71,109,39,33,1.15,55
2016-02-20,良,56,110,31,61,19,24,0.78,59
2016-02-21,良,82,153,55,104,37,32,1.15,61
2016-02-22,中度污染,153,327,116,197,43,35,1.11,54
2016-02-23,轻度污染,110,291,83,111,25,24,0.97,69
2016-02-24,良,84,243,59,104,42,41,1.18,52
2016-02-25,中度污染,176,350,133,201,61,62,1.88,52
2016-02-26,中度污染,167,349,125,197,61,50,1.83,62
2016-02-27,轻度污染,133,322,87,206,76,61,2.1,61
2016-02-28,轻度污染,102,271,73,129,41,32,1.24,67
2016-02-29,良,52,90,27,56,40,28,0.76,64
2016-03-01,良,98,251,72,124,66,46,1.07,64
2016-03-02,中度污染,155,325,117,185,64,52,1.27,88
2016-03-03,轻度污染,135,272,94,178,56,44,0.99,77
2016-03-04,轻度污染,112,195,81,162,55,39,1.06,104
2016-03-05,中度污染,167,272,78,274,27,34,1.02,56
2016-03-06,中度污染,155,265,73,257,42,36,1.28,54
2016-03-07,轻度污染,133,263,69,213,67,40,1.58,56
2016-03-08,良,62,207,32,73,32,19,0.62,75
2016-03-09,良,60,272,32,68,66,36,1.04,54
2016-03-10,良,70,302,38,88,32,44,0.94,52
2016-03-11,良,95,317,60,137,64,56,1.39,46
2016-03-12,轻度污染,105,280,76,144,57,48,1.44,66
2016-03-13,轻度污染,128,314,95,161,49,49,1.4,61
2016-03-14,良,84,197,59,105,70,43,1.25,67
2016-03-15,轻度污染,107,231,78,129,41,41,1.02,82
2016-03-16,良,93,194,65,123,63,47,1.14,77
2016-03-17,轻度污染,138,263,104,159,48,44,1.21,102
2016-03-18,中度污染,196,332,152,235,64,61,1.74,77
2016-03-19,轻度污染,138,293,102,178,63,59,2.11,109
2016-03-20,良,98,236,70,134,66,47,1.8,79
2016-03-21,良,70,146,41,85,51,41,1.59,76
2016-03-22,轻度污染,111,305,60,168,85,45,1.41,90
2016-03-23,良,58,192,20,64,20,15,0.71,87
2016-03-24,良,76,296,30,99,38,37,1.06,71
2016-03-25,良,73,264,31,94,30,44,1.39,65
2016-03-26,良,82,262,54,102,27,52,1.14,60
2016-03-27,良,76,188,38,100,21,48,0.84,66
2016-03-28,良,87,228,50,121,24,35,0.82,91
2016-03-29,良,85,212,44,118,30,38,0.97,70
2016-03-30,轻度污染,124,326,86,149,49,43,1.22,83
2016-03-31,轻度污染,114,282,80,151,32,34,0.95,95
2016-04-01,良,88,186,58,110,18,35,1.05,100
2016-04-02,轻度污染,115,296,66,179,25,33,1.14,72
2016-04-03,良,56,168,21,59,18,22,0.75,91
2016-04-04,良,79,289,45,107,35,46,0.95,66
2016-04-05,良,92,302,57,131,36,46,1.07,86
2016-04-06,良,80,268,52,100,40,36,1.19,78
2016-04-07,轻度污染,140,343,98,221,20,52,1.44,47
2016-04-08,中度污染,178,350,131,266,23,47,1.71,83
2016-04-09,重度污染,213,359,148,316,18,48,1.71,102
2016-04-10,中度污染,172,358,120,272,41,63,2.11,92
2016-04-11,良,97,291,59,140,30,29,1.31,104
2016-04-12,良,78,241,48,95,29,34,1.37,103
2016-04-13,轻度污染,105,278,65,143,28,49,1.9,92
2016-04-14,良,99,263,53,137,62,51,1.7,104
2016-04-15,轻度污染,124,336,73,171,31,23,1.2,161
2016-04-16,良,81,309,46,104,23,30,0.94,73
2016-04-17,良,75,288,30,99,11,42,0.51,49
2016-04-18,良,76,323,34,98,14,25,0.46,68
2016-04-19,良,78,281,39,94,32,27,0.76,111
2016-04-20,轻度污染,108,327,71,161,46,42,0.96,117
2016-04-21,轻度污染,150,336,104,229,26,49,1.2,117
2016-04-22,轻度污染,111,301,51,170,28,29,0.6,102
2016-04-23,轻度污染,109,312,48,166,43,41,0.77,81
2016-04-24,轻度污染,124,332,71,175,40,43,0.83,95
2016-04-25,良,93,289,51,127,34,31,0.74,125
2016-04-26,良,75,246,42,91,42,27,0.61,113
2016-04-27,良,88,302,51,119,27,58,1.04,81
2016-04-28,轻度污染,106,336,70,134,39,47,1.04,107
2016-04-29,轻度污染,109,306,62,144,19,43,0.88,124
2016-04-30,良,93,268,45,121,19,27,0.65,138
2016-05-01,良,89,243,46,109,17,27,0.66,122
2016-05-02,良,80,275,40,106,16,23,0.52,106
2016-05-03,良,77,299,35,101,9,22,0.34,81
2016-05-04,良,97,325,37,118,37,44,0.59,112
2016-05-05,良,85,267,32,91,16,23,0.69,132
2016-05-06,中度污染,165,337,59,239,10,25,0.52,89
2016-05-07,轻度污染,119,314,54,186,52,40,0.86,68
2016-05-08,良,100,350,59,148,36,57,1.08,61
2016-05-09,良,93,345,52,133,17,42,1.12,49
2016-05-10,良,95,317,61,129,20,46,1.07,88
2016-05-11,轻度污染,122,317,68,154,21,41,0.79,134
2016-05-12,良,66,108,29,70,17,21,0.55,92
2016-05-13,良,66,189,32,74,40,30,0.74,74
2016-05-14,良,65,218,26,81,30,36,0.66,56
2016-05-15,优,45,95,20,45,9,38,0.78,49
2016-05-16,良,77,304,34,91,21,42,0.53,87
2016-05-17,良,83,267,31,79,22,31,0.51,123
2016-05-18,轻度污染,111,335,42,81,20,30,0.72,167
2016-05-19,良,93,260,32,73,45,24,0.62,144
2016-05-20,良,75,235,28,64,40,19,0.53,123
2016-05-21,良,83,295,30,65,35,22,0.75,136
2016-05-22,轻度污染,123,357,39,88,34,29,0.93,177
2016-05-23,轻度污染,103,346,51,113,40,43,1.1,117
2016-05-24,良,68,202,23,61,14,29,0.45,113
2016-05-25,良,88,292,24,74,18,35,0.47,114
2016-05-26,良,78,297,38,104,51,58,0.9,68
2016-05-27,良,93,332,56,132,54,44,1.11,81
2016-05-28,良,63,217,29,75,20,29,0.85,74
2016-05-29,良,86,311,36,81,20,28,0.98,122
2016-05-30,轻度污染,113,332,46,118,28,31,1.23,143
2016-05-31,良,86,275,39,93,28,33,1.01,123
2016-06-01,良,91,339,36,89,29,31,0.82,124
2016-06-02,良,87,326,29,80,45,28,1.03,131
2016-06-03,良,76,284,40,98,39,35,0.82,84
2016-06-04,良,79,286,32,72,39,27,0.63,111
2016-06-05,良,78,286,42,103,32,30,0.88,80
2016-06-06,良,81,289,42,97,15,22,0.73,129
2016-06-07,良,90,314,52,117,21,34,0.99,103
2016-06-08,轻度污染,119,346,80,141,24,28,1.35,144
2016-06-09,轻度污染,128,348,68,145,22,26,1.17,164
2016-06-10,轻度污染,101,349,46,107,22,23,0.9,137
2016-06-11,轻度污染,109,354,45,116,25,21,0.99,143
2016-06-12,良,98,350,36,86,50,29,1.09,142
2016-06-13,轻度污染,110,347,52,121,30,28,0.97,143
2016-06-14,良,70,256,16,46,9,15,0.61,118
2016-06-15,良,64,261,23,47,10,21,0.85,102
2016-06-16,轻度污染,101,342,31,92,17,42,0.91,123
2016-06-17,良,96,318,23,69,17,24,0.65,150
2016-06-18,轻度污染,107,343,28,66,20,22,0.76,164
2016-06-19,轻度污染,120,356,47,95,33,22,1.15,181
2016-06-20,轻度污染,109,350,45,86,27,20,1.35,162
2016-06-21,良,95,351,46,89,25,23,1.37,131
2016-06-22,轻度污染,105,355,35,66,29,24,1.52,159
2016-06-23,良,81,345,29,57,16,23,1.18,118
2016-06-24,良,65,316,18,44,12,30,0.79,107
2016-06-25,良,74,314,25,73,16,51,0.87,87
2016-06-26,轻度污染,112,348,42,99,33,44,1.02,128
2016-06-27,良,99,336,39,72,20,23,0.78,147
2016-06-28,良,87,328,30,53,12,16,0.71,117
2016-06-29,良,81,312,41,81,15,19,0.91,127
2016-06-30,良,80,314,34,74,13,18,0.83,123
2016-07-01,良,74,331,24,46,11,18,0.71,126
2016-07-02,轻度污染,109,360,59,115,17,31,1.15,133
2016-07-03,轻度污染,108,355,54,112,13,19,0.98,151
2016-07-04,良,95,337,53,106,26,24,1.43,122
2016-07-05,轻度污染,105,346,44,101,21,35,0.93,133
2016-07-06,轻度污染,119,354,60,118,18,26,0.99,155
2016-07-07,良,72,286,36,74,16,19,0.79,102
2016-07-08,良,58,231,30,57,24,19,0.71,82
2016-07-09,良,58,230,34,63,30,22,0.65,37
2016-07-10,良,62,261,35,65,24,18,0.73,77
2016-07-11,良,63,266,21,48,20,19,0.59,108
2016-07-12,良,61,256,36,69,13,21,0.7,74
2016-07-13,良,67,300,38,70,12,18,0.82,112
2016-07-14,良,75,320,39,77,22,27,1.45,114
2016-07-15,良,59,290,26,53,12,19,0.86,97
2016-07-16,良,76,317,39,74,16,26,0.99,107
2016-07-17,轻度污染,102,335,57,119,17,23,1.17,133
2016-07-18,轻度污染,109,342,78,135,21,19,1.26,130
2016-07-19,良,65,285,34,71,15,12,0.83,100
2016-07-20,优,40,146,15,28,8,13,0.71,74
2016-07-21,优,48,203,26,46,9,18,0.79,83
2016-07-22,良,66,286,34,67,8,20,0.87,105
2016-07-23,良,65,242,37,63,8,23,0.78,98
2016-07-24,良,75,289,35,62,13,22,0.68,119
2016-07-25,良,73,281,34,61,12,17,0.64,123
2016-07-26,良,77,306,49,65,15,20,1.09,103
2016-07-27,良,75,281,34,62,23,29,0.83,106
2016-07-28,良,77,274,38,57,17,18,0.8,132
2016-07-29,轻度污染,109,344,51,80,16,25,0.85,149
2016-07-30,良,85,298,47,69,15,20,0.96,123
2016-07-31,良,74,313,33,51,24,19,1.15,113
2016-08-01,优,47,150,25,44,21,20,1.01,65
2016-08-02,良,69,317,42,63,20,22,1.21,101
2016-08-03,良,79,328,48,66,14,23,1.12,117
2016-08-04,良,94,349,57,89,18,24,1.28,112
2016-08-05,良,59,258,35,56,14,19,0.88,80
2016-08-06,良,57,231,35,59,15,21,1.05,64
2016-08-07,优,44,162,19,42,7,19,0.84,70
2016-08-08,优,49,223,21,47,10,23,0.82,64
2016-08-09,优,50,187,24,49,16,16,0.78,75
2016-08-10,良,53,224,28,52,18,16,0.81,84
2016-08-11,良,69,305,31,58,13,17,0.84,114
2016-08-12,良,85,352,33,61,8,16,0.76,139
2016-08-13,良,88,353,44,82,13,21,0.81,138
2016-08-14,良,85,349,49,86,14,26,1.08,114
2016-08-15,良,79,348,53,92,9,28,1.54,93
2016-08-16,优,45,129,26,43,11,26,1.45,53
2016-08-17,优,49,126,30,48,12,24,1.47,69
2016-08-18,良,77,310,34,67,15,21,1.12,115
2016-08-19,良,58,239,31,63,12,31,1.48,68
2016-08-20,优,47,132,23,46,7,20,1.16,62
2016-08-21,良,68,267,35,56,14,18,1.0,106
2016-08-22,良,71,271,38,60,17,19,1.0,124
2016-08-23,良,95,350,41,73,23,31,1.13,129
2016-08-24,轻度污染,103,347,36,65,18,24,0.89,154
2016-08-25,良,62,225,29,50,21,20,0.75,96
2016-08-26,良,52,250,11,29,15,13,0.62,101
2016-08-27,良,71,329,24,49,19,35,0.88,90
2016-08-28,良,63,229,22,48,15,34,0.79,92
2016-08-29,良,64,205,27,55,22,39,0.81,81
2016-08-30,良,75,265,26,60,21,38,0.74,99
2016-08-31,轻度污染,106,354,46,93,26,36,1.07,152
2016-09-01,良,84,310,46,93,18,45,0.85,81
2016-09-02,良,85,307,30,71,34,41,0.68,99
2016-09-03,轻度污染,108,326,59,112,45,50,1.5,122
2016-09-04,轻度污染,137,356,92,164,34,52,1.41,131
2016-09-05,轻度污染,146,358,103,165,27,47,1.41,128
2016-09-06,轻度污染,148,364,100,148,28,40,1.68,144
2016-09-07,良,95,354,63,84,16,31,1.05,114
2016-09-08,轻度污染,108,356,59,94,20,45,0.96,104
2016-09-09,轻度污染,111,338,64,97,33,45,1.45,115
2016-09-10,良,81,307,50,76,24,37,1.08,102
2016-09-11,良,92,333,62,95,27,41,1.18,80
2016-09-12,良,100,351,66,98,24,33,1.13,109
2016-09-13,轻度污染,101,342,75,105,18,51,1.37,63
2016-09-14,轻度污染,109,333,74,108,23,42,1.22,86
2016-09-15,轻度污染,134,354,97,134,22,28,1.11,118
2016-09-16,轻度污染,107,342,66,93,28,28,1.27,114
2016-09-17,良,89,327,57,85,23,30,1.03,108
2016-09-18,良,59,245,37,50,23,17,0.61,77
2016-09-19,优,49,145,15,32,17,18,0.52,93
2016-09-20,良,58,195,21,44,17,39,0.81,83
2016-09-21,良,90,315,52,85,32,45,1.23,120
2016-09-22,轻度污染,133,361,76,109,34,45,1.13,135
2016-09-23,轻度污染,101,315,51,80,28,32,0.83,153
2016-09-24,轻度污染,117,332,69,103,27,33,0.87,157
2016-09-25,轻度污染,125,344,80,130,28,31,0.92,133
2016-09-26,良,60,156,39,61,21,24,0.69,85
2016-09-27,良,81,296,58,84,15,26,1.28,72
2016-09-28,优,43,163,22,41,14,18,0.51,68
2016-09-29,良,52,222,31,54,23,35,0.69,79
2016-09-30,轻度污染,109,341,82,112,45,55,1.35,66
2016-10-01,良,80,289,51,78,33,34,1.0,72
2016-10-02,良,75,276,51,91,26,33,1.24,56
2016-10-03,轻度污染,103,321,75,113,22,36,1.06,66
2016-10-04,轻度污染,109,326,77,143,25,37,1.19,84
2016-10-05,良,76,285,44,79,19,39,0.82,74
2016-10-06,良,54,143,32,58,28,39,1.2,54
2016-10-07,良,56,207,37,58,21,33,0.79,56
2016-10-08,良,60,232,35,49,14,28,0.65,54
2016-10-09,优,49,181,26,50,32,42,0.66,46
2016-10-10,良,68,265,43,78,31,43,0.82,48
2016-10-11,良,64,234,41,69,26,48,0.74,45
2016-10-12,轻度污染,134,347,101,149,44,71,1.4,32
2016-10-13,轻度污染,129,335,97,121,43,54,0.81,54
2016-10-14,良,85,291,59,93,23,44,0.78,76
2016-10-15,良,68,230,45,66,23,27,0.84,81
2016-10-16,良,54,113,33,42,11,29,0.73,50
2016-10-17,轻度污染,117,345,88,122,31,46,1.3,60
2016-10-18,轻度污染,149,346,112,147,27,46,1.33,85
2016-10-19,轻度污染,114,305,85,120,31,41,0.89,66
2016-10-20,良,85,284,62,88,36,38,1.1,62
2016-10-21,良,58,249,40,53,25,31,0.85,52
2016-10-22,优,43,183,26,44,12,30,0.97,34
2016-10-23,优,42,179,28,34,16,22,0.5,41
2016-10-24,良,65,288,46,56,24,36,1.0,23
2016-10-25,良,80,297,58,65,15,43,1.17,27
2016-10-26,轻度污染,123,352,93,124,27,39,1.45,34
2016-10-27,良,80,335,55,77,18,27,0.88,39
2016-10-28,优,39,126,23,34,12,20,0.62,51
2016-10-29,优,42,153,20,42,17,30,0.34,42
2016-10-30,良,60,233,38,65,26,31,0.44,52
2016-10-31,优,47,185,31,38,12,18,0.47,45
2016-11-01,优,50,171,28,52,30,30,0.59,36
2016-11-02,良,94,284,67,102,31,43,0.74,35
2016-11-03,轻度污染,122,311,91,126,21,41,0.94,40
2016-11-04,轻度污染,105,258,78,112,23,37,0.84,52
2016-11-05,中度污染,165,317,128,171,39,48,1.22,48
2016-11-06,重度污染,230,360,181,211,38,43,1.42,49
2016-11-07,轻度污染,144,340,109,123,25,41,1.33,26
2016-11-08,良,77,269,55,80,21,38,0.98,35
2016-11-09,良,68,242,46,73,35,38,0.9,39
2016-11-10,中度污染,163,342,125,138,24,45,0.97,53
2016-11-11,轻度污染,112,314,83,128,27,44,1.11,33
2016-11-12,轻度污染,119,310,88,152,46,56,1.47,40
2016-11-13,中度污染,181,326,137,197,51,62,1.5,54
2016-11-14,中度污染,189,329,146,227,47,52,1.41,51
2016-11-15,轻度污染,103,247,71,100,42,44,0.56,56
2016-11-16,良,83,216,55,76,33,39,0.59,51
2016-11-17,轻度污染,102,248,75,111,48,48,1.47,44
2016-11-18,轻度污染,114,260,85,115,43,52,1.07,37
2016-11-19,轻度污染,119,284,89,106,29,48,1.25,19
2016-11-20,良,83,238,60,81,35,37,1.15,38
2016-11-21,优,43,104,26,40,20,24,0.65,44
2016-11-22,优,34,103,13,30,18,19,0.58,58
2016-11-23,良,57,238,35,55,42,38,0.93,33
2016-11-24,良,85,251,62,92,61,45,1.03,31
2016-11-25,轻度污染,114,280,85,110,67,54,1.14,35
2016-11-26,中度污染,157,328,120,156,63,60,1.26,35
2016-11-27,中度污染,187,362,146,199,65,54,1.93,31
2016-11-28,良,97,225,70,104,64,49,1.31,33
2016-11-29,轻度污染,148,314,111,178,78,60,1.67,20
2016-11-30,中度污染,171,345,132,193,67,61,1.19,30
2016-12-01,中度污染,188,349,145,211,61,60,1.84,29
2016-12-02,中度污染,171,315,130,188,62,63,1.67,39
2016-12-03,轻度污染,145,272,110,157,63,61,1.24,46
2016-12-04,重度污染,238,344,191,263,61,72,1.77,27
2016-12-05,中度污染,196,343,157,230,43,50,1.73,25
2016-12-06,良,89,193,63,107,50,44,0.96,39
2016-12-07,轻度污染,131,252,97,163,62,56,1.68,37
2016-12-08,轻度污染,141,245,106,171,59,49,1.3,50
2016-12-09,良,67,83,43,76,50,35,0.79,39
2016-12-10,轻度污染,104,213,77,119,69,50,1.42,23
2016-12-11,良,92,177,68,100,64,44,1.1,34
2016-12-12,良,93,166,69,83,41,33,0.98,25
2016-12-13,良,60,105,43,50,31,28,0.73,33
2016-12-14,良,58,158,40,56,36,38,0.9,33
2016-12-15,轻度污染,131,297,98,129,69,54,1.46,25
2016-12-16,轻度污染,131,269,98,138,61,52,1.21,28
2016-12-17,中度污染,151,295,114,145,54,45,0.9,56
2016-12-18,重度污染,223,321,170,232,76,63,1.84,31
2016-12-19,严重污染,341,334,284,382,91,82,3.51,22
2016-12-20,严重污染,343,330,292,369,85,71,3.09,28
2016-12-21,重度污染,247,338,204,266,62,65,2.66,20
2016-12-22,轻度污染,108,275,81,120,25,56,1.42,16
2016-12-23,良,85,197,58,106,39,40,1.21,20
2016-12-24,良,83,166,58,106,84,44,1.3,14
2016-12-25,良,62,152,42,67,38,35,1.28,19
2016-12-26,良,60,208,42,63,31,40,1.4,11
2016-12-27,良,62,199,42,71,46,29,0.94,27
2016-12-28,轻度污染,107,291,80,132,49,36,1.52,25
2016-12-29,良,87,199,60,110,33,43,1.34,22
2016-12-30,轻度污染,109,206,81,143,53,46,1.55,24
2016-12-31,中度污染,160,251,121,218,67,51,2.15,32
2017-01-01,重度污染,207,276,161,266,66,61,2.78,27
2017-01-02,重度污染,231,307,181,276,47,71,3.24,17
2017-01-03,重度污染,212,287,166,246,46,68,3.16,42
2017-01-04,严重污染,259,328,209,305,56,80,3.09,39
2017-01-05,中度污染,175,286,137,188,42,50,2.51,45
2017-01-06,轻度污染,136,283,102,157,39,64,2.49,23
2017-01-07,轻度污染,125,288,93,135,45,62,1.79,20
2017-01-08,良,94,225,69,91,35,47,1.67,26
2017-01-09,中度污染,154,319,116,168,38,58,2.24,18
2017-01-10,轻度污染,127,288,95,146,43,48,1.89,26
2017-01-11,中度污染,176,332,134,196,60,52,2.15,21
2017-01-12,严重污染,257,353,206,282,57,55,2.46,19
2017-01-13,中度污染,158,337,120,171,29,38,1.9,40
2017-01-14,良,67,180,43,80,37,41,1.29,37
2017-01-15,良,98,276,72,107,48,34,1.49,34
2017-01-16,中度污染,162,323,123,163,69,47,1.73,36
2017-01-17,中度污染,159,297,120,164,65,57,1.66,40
2017-01-18,重度污染,217,326,168,221,77,63,2.38,33
2017-01-19,中度污染,173,315,122,185,44,39,1.38,61
2017-01-20,优,48,88,23,49,25,29,1.02,60
2017-01-21,良,66,129,41,78,37,39,1.02,53
2017-01-22,良,69,138,43,81,41,45,1.23,37
2017-01-23,良,98,231,72,113,59,49,1.63,33
2017-01-24,轻度污染,140,275,105,149,56,57,1.94,39
2017-01-25,中度污染,155,261,118,149,50,51,1.63,53
2017-01-26,轻度污染,124,213,93,131,32,23,0.98,86
2017-01-27,良,76,125,51,91,36,23,0.85,67
2017-01-28,轻度污染,112,143,84,112,37,22,0.78,51
2017-01-29,良,88,196,61,85,19,24,1.2,44
2017-01-30,优,46,88,28,47,26,17,0.85,61
2017-01-31,良,72,206,52,75,42,31,1.01,52
2017-02-01,轻度污染,101,285,75,103,31,35,1.24,51
2017-02-02,轻度污染,137,313,102,133,39,36,1.31,66
2017-02-03,轻度污染,142,284,107,132,28,26,1.13,81
2017-02-04,轻度污染,149,286,113,142,25,32,1.14,46
2017-02-05,轻度污染,148,291,111,147,31,45,1.56,40
2017-02-06,良,73,179,52,82,35,40,1.03,45
2017-02-07,良,72,228,51,77,39,44,1.22,27
2017-02-08,良,69,257,48,74,30,32,0.91,46
2017-02-09,优,37,32,17,35,19,24,0.57,57
2017-02-10,良,52,95,26,54,27,45,0.73,35
2017-02-11,轻度污染,126,333,97,152,83,59,1.37,31
2017-02-12,重度污染,222,355,177,220,81,61,1.83,37
2017-02-13,中度污染,162,313,123,178,65,70,1.58,42
2017-02-14,重度污染,208,331,159,217,78,67,2.05,52
2017-02-15,中度污染,158,288,119,166,47,47,1.2,89
2017-02-16,轻度污染,138,282,103,161,39,37,1.07,86
2017-02-17,良,58,102,33,66,30,30,0.86,57
2017-02-18,良,91,202,66,117,52,49,1.11,38
2017-02-19,中度污染,163,301,123,186,32,35,1.29,70
2017-02-20,良,79,182,35,105,25,18,0.87,72
2017-02-21,良,55,147,31,59,32,35,1.04,48
2017-02-22,轻度污染,105,311,78,93,22,53,1.22,27
2017-02-23,良,59,180,37,55,19,37,0.84,51
2017-02-24,良,94,289,67,105,56,58,1.25,40
2017-02-25,轻度污染,115,308,85,142,66,64,1.65,35
2017-02-26,良,88,246,64,105,48,63,1.29,36
2017-02-27,轻度污染,141,340,107,163,53,62,1.56,53
2017-02-28,轻度污染,125,309,93,133,43,42,0.98,86
2017-03-01,良,74,157,45,89,23,46,0.9,42
2017-03-02,良,61,107,29,70,24,45,0.75,50
2017-03-03,良,79,188,53,97,31,44,0.8,70
2017-03-04,轻度污染,143,329,108,177,57,76,1.51,48
2017-03-05,轻度污染,149,333,108,170,57,55,1.34,52
2017-03-06,良,86,295,58,109,47,54,1.01,51
2017-03-07,优,45,73,17,46,18,22,0.59,68
2017-03-08,良,58,150,29,65,25,51,0.71,42
2017-03-09,良,77,214,48,94,41,62,1.04,42
2017-03-10,良,86,234,60,112,49,63,1.22,45
2017-03-11,轻度污染,141,318,106,158,61,63,1.23,89
2017-03-12,轻度污染,119,320,78,141,43,48,0.97,70
2017-03-13,良,52,175,16,51,22,21,0.45,83
2017-03-14,良,77,291,47,95,35,55,0.92,50
2017-03-15,良,93,321,65,116,46,55,1.03,61
2017-03-16,良,82,246,55,94,53,49,0.72,68
2017-03-17,轻度污染,103,283,75,112,39,47,0.8,87
2017-03-18,轻度污染,126,309,95,146,65,54,1.04,97
2017-03-19,良,69,179,42,83,56,32,0.78,92
2017-03-20,良,78,241,54,91,24,34,0.71,85
2017-03-21,良,95,287,68,109,37,39,1.04,73
2017-03-22,良,87,286,57,107,53,48,0.85,59
2017-03-23,轻度污染,122,338,89,125,35,49,0.96,52
2017-03-24,良,98,303,71,108,17,36,0.76,45
2017-03-25,良,81,248,57,83,6,38,0.8,48
2017-03-26,良,64,161,36,64,8,35,0.7,52
2017-03-27,良,69,146,41,83,29,43,0.9,58
2017-03-28,良,76,190,54,75,14,26,0.84,74
2017-03-29,轻度污染,107,274,80,112,17,43,0.95,53
2017-03-30,轻度污染,135,338,100,144,39,52,1.12,56
2017-03-31,良,85,298,61,91,11,29,0.95,89
2017-04-01,良,88,258,58,97,16,53,0.94,57
2017-04-02,轻度污染,106,319,75,128,29,59,1.01,71
2017-04-03,轻度污染,101,301,67,134,26,57,1.11,81
2017-04-04,良,74,156,47,93,22,40,1.01,85
2017-04-05,良,84,227,61,102,15,41,1.89,50
2017-04-06,良,97,251,67,121,15,41,1.22,77
2017-04-07,轻度污染,141,334,105,195,16,53,1.23,75
2017-04-08,轻度污染,142,351,107,198,18,47,1.27,45
2017-04-09,优,50,159,16,52,15,18,0.47,73
2017-04-10,良,61,236,33,66,31,47,0.8,36
2017-04-11,良,67,234,42,80,22,48,0.91,56
2017-04-12,良,97,321,62,123,23,41,0.98,78
2017-04-13,良,66,137,33,78,17,26,0.68,82
2017-04-14,良,61,84,32,72,18,37,0.74,60
2017-04-15,良,90,248,55,128,23,52,1.23,55
2017-04-16,轻度污染,102,296,65,151,19,52,1.27,51
2017-04-17,轻度污染,106,291,45,159,12,32,0.86,63
2017-04-18,轻度污染,101,309,26,142,9,22,0.49,73
2017-04-19,良,66,137,31,82,24,34,0.93,62
2017-04-20,良,53,105,24,61,15,28,0.71,62
2017-04-21,良,70,242,44,84,17,26,0.95,76
2017-04-22,良,75,258,46,85,16,41,0.88,74
2017-04-23,良,64,148,31,73,22,30,0.75,92
2017-04-23,良,64,148,31,73,22,30,0.75,92
2017-04-24,良,71,178,40,89,28,30,0.96,103
2017-04-25,良,67,211,40,79,27,29,1.11,87
2017-04-26,良,55,183,28,55,23,30,0.85,70
2017-04-27,良,64,221,33,67,17,41,0.79,68
2017-04-28,良,76,253,46,86,24,51,0.93,83
2017-04-29,轻度污染,105,336,63,124,31,60,1.1,99
2017-04-30,良,93,258,46,87,25,34,0.97,136
2017-05-01,轻度污染,112,319,68,118,39,37,1.42,144
2017-05-02,轻度污染,110,325,47,75,23,20,0.89,163
2017-05-03,良,63,216,26,57,30,18,0.64,99
2017-05-04,良,60,193,32,51,11,19,0.83,101
2017-05-05,重度污染,207,287,85,305,13,28,0.82,96
2017-05-06,中度污染,187,305,114,293,20,37,0.8,104
2017-05-07,中度污染,159,306,114,224,22,36,0.83,131
2017-05-08,轻度污染,111,325,78,162,36,42,0.92,90
2017-05-09,良,91,310,46,94,20,37,0.75,103
2017-05-10,良,96,320,36,91,21,32,0.78,142
2017-05-11,轻度污染,108,317,57,131,31,46,1.03,127
2017-05-12,良,97,293,29,90,19,23,0.64,133
2017-05-13,良,87,291,29,93,7,19,0.64,129
2017-05-14,良,87,279,37,95,24,38,0.89,108
2017-05-15,良,93,347,46,86,32,29,0.95,144
2017-05-16,良,86,340,25,50,14,21,0.63,144
2017-05-17,轻度污染,107,347,30,59,18,18,0.63,170
2017-05-18,轻度污染,146,360,43,69,22,18,0.8,207
2017-05-19,轻度污染,133,342,45,76,24,20,0.89,196
2017-05-20,轻度污染,148,365,55,96,35,24,1.03,206
2017-05-20,轻度污染,148,365,55,96,35,24,1.03,206
2017-05-21,轻度污染,126,345,55,100,36,23,1.07,169
2017-05-22,轻度污染,119,344,64,113,22,19,1.01,163
2017-05-23,良,68,320,23,46,6,16,0.62,124
2017-05-24,良,88,349,30,71,19,39,0.72,109
2017-05-25,良,99,350,30,76,23,32,0.61,142
2017-05-26,良,89,284,27,62,31,32,0.91,131
2017-05-27,轻度污染,139,357,37,78,25,31,0.83,200
2017-05-28,轻度污染,136,354,37,71,19,22,0.73,199
2017-05-29,轻度污染,123,341,37,65,31,23,0.8,185
2017-05-30,轻度污染,140,360,60,114,43,26,1.16,207
2017-05-31,中度污染,153,361,67,122,27,32,1.23,185
2017-06-01,轻度污染,142,354,53,97,25,32,1.07,203
2017-06-02,轻度污染,106,304,34,92,24,21,0.74,171
2017-06-03,轻度污染,103,334,37,76,22,23,0.99,143
2017-06-04,良,90,347,29,62,31,22,0.72,136
2017-06-05,良,62,286,22,51,26,21,0.74,104
2017-06-06,良,62,307,17,32,4,15,0.59,103
2017-06-07,良,78,301,26,54,8,26,0.69,114
2017-06-08,良,92,299,46,98,17,44,0.94,112
2017-06-09,轻度污染,101,324,36,80,14,42,0.77,124
2017-06-10,良,88,322,58,114,14,51,1.12,81
2017-06-11,良,100,339,48,93,22,35,1.02,124
2017-06-12,良,84,315,24,74,26,27,0.67,128
2017-06-13,轻度污染,111,356,43,87,37,32,0.94,154
2017-06-14,轻度污染,149,359,73,126,33,39,1.19,204
2017-06-15,中度污染,168,365,89,149,23,42,0.95,214
2017-06-16,轻度污染,145,350,69,132,16,53,0.87,154
2017-06-17,轻度污染,141,348,43,76,24,28,0.72,210
2017-06-18,轻度污染,145,363,37,61,24,26,0.61,210
2017-06-19,轻度污染,136,362,33,57,13,21,0.52,200
2017-06-20,轻度污染,108,339,45,98,20,27,0.77,149
2017-06-21,轻度污染,118,353,53,103,15,26,1.14,158
2017-06-22,良,75,315,40,95,8,27,0.97,94
2017-06-23,良,79,319,36,102,7,26,0.92,76
2017-06-24,良,76,310,27,57,9,19,0.84,116
2017-06-25,良,69,269,26,50,9,25,0.81,112
2017-06-26,良,100,319,35,62,23,29,0.97,143
2017-06-27,轻度污染,120,339,48,80,16,33,0.84,157
2017-06-28,轻度污染,141,361,57,92,18,28,0.79,192
2017-06-29,轻度污染,121,351,60,94,15,23,0.82,175
2017-06-30,轻度污染,113,342,52,103,12,26,0.93,155
2017-07-01,轻度污染,111,334,50,100,10,23,0.89,152
2017-07-02,轻度污染,105,320,50,86,8,26,0.75,142
2017-07-03,轻度污染,117,340,50,91,10,31,1.08,163
2017-07-04,良,89,318,52,89,12,26,1.15,127
2017-07-05,轻度污染,108,358,61,117,11,27,1.58,134
2017-07-06,良,74,318,33,94,8,22,1.12,82
2017-07-07,良,58,244,21,46,5,19,0.7,92
2017-07-08,良,80,314,26,69,5,18,0.66,112
2017-07-09,优,50,200,23,51,5,16,0.6,61
2017-07-10,良,79,293,33,65,6,25,0.67,100
2017-07-11,良,87,280,27,62,6,22,0.71,130
2017-07-12,良,71,239,22,50,6,19,0.65,118
2017-07-13,良,69,237,22,52,8,21,0.6,107
2017-07-14,良,56,195,19,40,11,19,0.61,90
2017-07-15,优,43,138,20,42,15,19,0.62,57
2017-07-16,良,62,250,27,75,7,18,0.83,55
2017-07-17,良,82,334,39,112,5,23,0.93,85
2017-07-18,良,62,226,23,79,7,24,0.79,55
2017-07-19,良,57,229,20,58,7,15,0.78,93
2017-07-20,良,61,246,23,54,6,17,0.7,94
2017-07-21,良,58,240,28,51,6,17,0.71,91
2017-07-22,良,80,324,51,101,6,20,0.84,94
2017-07-23,良,100,331,46,107,6,18,1.12,103
2017-07-24,良,86,310,46,76,8,22,0.91,108
2017-07-25,良,94,319,49,87,12,15,1.41,113
2017-07-26,良,69,223,37,72,12,17,1.23,106
2017-07-27,良,58,172,31,68,9,19,1.36,41
2017-07-28,良,81,301,43,93,8,22,1.63,85
2017-07-29,良,51,140,22,42,8,23,0.72,75
2017-07-30,良,79,285,46,106,9,28,1.49,43
2017-07-31,良,62,203,32,77,10,20,1.13,44
2017-08-01,优,34,55,14,27,9,14,0.91,57
2017-08-02,优,41,142,19,41,10,17,0.87,47
2017-08-03,良,56,231,29,58,7,19,1.0,72
2017-08-04,良,70,263,35,66,6,23,1.05,99
2017-08-05,轻度污染,104,349,46,80,6,28,1.19,131
2017-08-06,轻度污染,107,344,55,85,12,24,1.22,143
2017-08-07,良,87,315,37,62,16,27,0.87,119
2017-08-08,良,86,338,35,62,7,21,0.84,116
2017-08-09,良,95,354,42,71,7,22,0.69,127
2017-08-10,良,91,332,31,58,13,22,0.9,132
2017-08-11,轻度污染,103,340,44,77,12,27,0.91,141
2017-08-12,良,88,345,48,86,10,21,0.93,122
2017-08-13,良,57,259,20,38,10,24,0.63,92
2017-08-14,优,38,112,11,24,5,16,0.4,70
2017-08-15,良,55,215,20,35,9,19,0.54,90
2017-08-16,良,81,324,37,55,10,21,0.79,125
2017-08-17,良,76,323,37,58,7,23,0.72,114
2017-08-18,良,76,332,35,55,9,18,0.79,123
2017-08-19,良,54,233,23,43,9,21,1.05,85
2017-08-20,良,56,248,23,39,6,20,0.75,94
2017-08-21,良,76,305,33,54,10,24,0.93,115
2017-08-22,良,73,291,38,63,6,19,0.86,112
2017-08-23,良,67,301,32,54,5,16,0.78,129
2017-08-24,良,54,262,17,33,5,22,0.71,87
2017-08-25,优,46,178,14,36,8,32,0.66,68
2017-08-26,良,53,251,22,48,13,50,1.06,68
2017-08-27,良,64,301,24,45,12,28,0.84,104
2017-08-28,优,46,207,16,27,6,20,0.81,78
2017-08-29,优,39,163,14,30,7,24,0.87,59
2017-08-30,优,35,134,13,24,5,17,0.69,64
2017-08-31,优,46,194,15,29,5,18,0.63,86
2017-09-01,良,63,269,26,45,7,28,0.75,84
2017-09-02,良,69,278,26,45,10,28,0.94,112
2017-09-03,良,60,248,32,52,13,28,1.18,92
2017-09-04,优,49,191,22,43,8,19,0.78,80
2017-09-05,良,55,241,21,58,8,23,1.08,63
2017-09-06,良,52,231,23,52,5,23,0.78,74
2017-09-07,良,67,280,30,63,7,20,0.76,106
2017-09-08,良,77,304,42,101,11,28,0.87,76
2017-09-09,轻度污染,105,348,37,77,10,21,0.82,158
2017-09-10,良,54,230,18,37,8,19,0.79,87
2017-09-11,良,62,259,26,58,12,32,0.93,80
2017-09-12,良,82,309,30,64,10,33,1.03,107
2017-09-13,良,66,209,24,55,10,26,0.97,108
2017-09-14,良,59,169,24,51,9,29,0.76,92
2017-09-15,良,100,354,47,88,12,34,1.23,131
2017-09-16,良,85,301,49,111,10,42,1.08,74
2017-09-17,良,88,282,51,105,8,44,1.15,79
2017-09-18,轻度污染,104,309,59,115,12,44,1.14,103
2017-09-19,轻度污染,108,332,56,112,13,47,1.07,101
2017-09-20,良,68,265,23,51,13,27,1.0,120
2017-09-21,良,89,310,51,86,16,30,1.01,114
2017-09-22,良,75,275,46,84,13,27,0.87,104
2017-09-23,良,94,318,58,111,18,29,1.09,125
2017-09-24,良,88,330,62,95,15,25,0.96,100
2017-09-25,良,64,268,40,75,14,22,1.13,76
2017-09-26,良,61,264,35,56,6,21,1.06,64
2017-09-27,优,47,192,22,38,8,18,0.75,84
2017-09-28,良,56,251,30,65,12,35,0.91,53
2017-09-29,良,79,300,55,91,25,34,1.1,80
2017-09-30,良,73,278,42,80,19,26,0.99,103
2017-10-01,优,41,98,22,37,8,19,0.84,60
2017-10-02,优,50,223,28,32,8,15,0.62,68
2017-10-03,优,31,74,10,26,11,22,0.75,37
2017-10-05,优,50,257,31,50,18,28,1.1,47
2017-10-06,良,66,298,46,73,16,35,0.99,59
2017-10-07,良,100,339,72,121,19,41,1.17,54
2017-10-08,良,97,325,58,141,14,36,1.28,46
2017-10-09,良,83,329,48,114,13,33,1.62,30
2017-10-10,优,21,19,11,17,8,23,0.99,20
2017-10-11,优,37,174,22,34,7,20,0.97,46
2017-10-12,良,65,325,45,65,15,31,1.14,41
2017-10-13,良,96,339,71,103,13,40,0.99,48
2017-10-14,良,93,322,69,111,18,49,1.41,39
2017-10-15,良,82,305,58,88,15,45,1.3,55
2017-10-16,轻度污染,111,330,83,121,19,50,1.3,54
2017-10-17,轻度污染,114,339,84,135,21,41,1.74,36
2017-10-18,良,64,274,44,69,13,36,1.11,41
2017-10-19,良,91,294,67,106,16,47,1.34,38
2017-10-20,轻度污染,106,299,79,124,14,46,1.63,54
2017-10-21,良,98,296,72,115,15,54,1.43,54
2017-10-22,轻度污染,103,306,73,110,13,40,1.42,55
2017-10-23,优,46,77,26,47,19,38,1.01,42
2017-10-24,良,55,90,34,59,18,44,1.24,33
2017-10-25,轻度污染,101,276,75,111,23,58,1.32,22
2017-10-26,轻度污染,123,314,92,135,26,61,1.23,33
2017-10-27,轻度污染,148,329,111,162,22,60,1.47,43
2017-10-28,中度污染,154,343,115,178,17,52,1.43,51
2017-10-29,优,34,14,10,33,7,17,0.37,45
2017-10-30,良,54,94,28,58,20,40,0.71,22
2017-10-31,良,84,239,61,94,31,54,1.01,25
2017-11-01,良,98,242,73,103,42,50,1.05,50
2017-11-02,中度污染,152,323,115,163,30,54,1.4,51
2017-11-03,良,88,195,62,89,16,21,0.8,62
2017-11-04,良,51,76,29,53,26,37,0.82,35
2017-11-05,良,61,107,42,66,34,38,0.74,45
2017-11-06,良,70,104,49,74,24,38,0.76,64
2017-11-07,轻度污染,127,257,95,136,28,56,1.16,42
2017-11-08,轻度污染,120,263,90,158,30,52,1.4,54
2017-11-09,良,66,135,34,79,21,35,0.75,60
2017-11-10,良,52,88,26,59,10,22,0.62,49
2017-11-11,优,45,94,24,45,16,35,0.83,32
2017-11-12,良,82,272,59,88,31,48,1.0,33
2017-11-13,轻度污染,101,315,74,110,21,52,1.08,32
2017-11-14,良,61,189,34,68,25,41,1.04,29
2017-11-15,良,72,223,49,81,28,43,1.35,31
2017-11-16,轻度污染,116,306,87,113,38,59,1.9,22
2017-11-17,轻度污染,115,307,83,119,24,47,1.3,30
2017-11-18,优,32,36,16,30,13,24,0.63,45
2017-11-19,良,85,307,61,87,38,59,1.28,10
2017-11-20,轻度污染,144,345,109,122,19,53,1.09,18
2017-11-21,中度污染,159,352,120,144,24,55,1.34,39
2017-11-22,良,80,254,48,88,15,52,0.93,38
2017-11-23,良,68,224,44,79,30,57,1.32,23
2017-11-24,良,64,181,40,73,25,50,1.16,31
2017-11-25,轻度污染,136,353,102,152,42,77,1.52,29
2017-11-26,良,85,238,59,94,26,53,1.22,40
2017-11-27,良,71,159,50,84,23,44,1.11,51
2017-11-28,轻度污染,106,243,75,139,22,50,1.23,49
2017-11-29,良,56,113,27,60,19,31,0.86,41
2017-11-30,良,94,340,67,113,34,54,1.71,15
2017-12-01,轻度污染,137,337,103,146,35,61,1.78,22
2017-12-02,中度污染,154,324,116,163,39,53,1.41,48
2017-12-03,重度污染,220,347,171,235,29,70,2.01,17
2017-12-04,良,66,191,41,67,16,35,1.04,34
2017-12-05,良,76,211,53,87,27,54,1.34,18
2017-12-06,中度污染,176,352,134,177,39,70,2.0,31
2017-12-07,轻度污染,115,239,83,125,28,52,1.67,29
2017-12-08,优,50,55,29,55,21,37,0.76,26
2017-12-09,良,99,283,73,116,35,57,1.3,23
2017-12-10,良,92,221,66,102,30,59,1.3,23
2017-12-11,良,70,136,47,85,38,46,1.46,27
2017-12-12,优,48,81,30,50,30,33,0.94,38
2017-12-13,良,91,237,67,98,44,48,1.56,18
2017-12-14,轻度污染,135,318,101,125,24,43,1.23,18
2017-12-15,中度污染,178,335,135,163,24,53,1.51,9
2017-12-16,良,62,192,39,65,16,37,0.71,40
2017-12-17,良,78,259,51,90,33,57,0.88,20
2017-12-18,轻度污染,106,337,78,116,40,65,1.43,14
2017-12-19,良,74,215,51,82,35,53,1.12,23
2017-12-20,轻度污染,108,324,78,116,39,63,1.58,20
2017-12-21,良,99,242,73,105,41,63,1.6,21
2017-12-22,中度污染,167,330,128,167,58,87,1.73,26
2017-12-23,中度污染,194,323,148,194,63,94,2.2,21
2017-12-24,良,90,162,57,99,26,50,1.02,43
2017-12-25,良,79,150,52,92,44,52,0.95,32
2017-12-26,轻度污染,133,303,100,151,49,66,1.77,24
2017-12-27,轻度污染,108,190,81,118,32,41,1.19,50
2017-12-28,中度污染,157,266,119,167,42,52,1.75,45
2017-12-29,重度污染,240,304,190,242,28,71,2.73,8
2017-12-30,重度污染,234,317,191,280,30,62,2.53,31
2017-12-31,轻度污染,123,214,92,144,31,53,1.83,31
2018-01-01,中度污染,187,326,145,215,61,75,2.51,42
2018-01-02,重度污染,231,354,188,271,37,62,2.67,26
2018-01-03,优,43,88,26,43,17,28,1.2,42
2018-01-04,优,50,181,30,52,28,39,1.63,26
2018-01-05,良,73,210,51,82,28,58,1.47,17
2018-01-06,轻度污染,102,255,76,109,43,67,1.67,22
2018-01-07,中度污染,152,334,115,144,33,62,1.82,16
2018-01-08,良,93,266,53,96,18,25,0.89,54
2018-01-09,良,63,227,25,74,22,35,0.9,44
2018-01-10,优,48,105,21,49,22,38,0.89,39
2018-01-11,优,38,32,17,34,18,29,0.75,44
2018-01-12,良,72,197,46,85,36,55,1.31,21
2018-01-13,良,89,170,65,95,40,57,1.43,42
2018-01-14,轻度污染,104,206,77,106,40,60,1.64,39
2018-01-15,轻度污染,128,234,97,139,46,70,2.21,29
2018-01-16,重度污染,221,329,170,236,56,85,2.6,18
2018-01-17,严重污染,263,350,212,277,26,74,1.94,22
2018-01-18,重度污染,215,326,172,240,34,70,2.02,28
2018-01-19,严重污染,272,343,221,303,33,65,2.03,44
2018-01-20,重度污染,234,321,183,255,34,72,2.03,35
2018-01-21,严重污染,303,359,252,352,41,83,2.31,16
2018-01-22,轻度污染,114,275,86,128,16,47,1.04,26
2018-01-23,良,59,130,41,62,22,31,0.8,47
2018-01-24,优,48,88,30,49,21,29,0.97,46
2018-01-25,良,57,217,39,60,28,33,0.86,44
2018-01-26,良,64,242,44,66,19,32,0.91,38
2018-01-27,轻度污染,108,316,81,113,27,48,1.05,18
2018-01-28,轻度污染,113,309,84,105,21,48,0.99,26
2018-01-29,轻度污染,104,260,77,108,22,57,1.11,24
2018-01-30,轻度污染,104,237,78,125,34,66,1.35,17
2018-01-31,轻度污染,116,293,87,132,40,69,1.92,15
2018-02-01,良,96,242,70,116,40,64,1.6,23
2018-02-02,良,52,64,25,56,13,28,0.58,52
2018-02-03,良,56,102,30,59,25,48,0.98,30
2018-02-04,良,90,309,65,105,41,58,1.65,22
2018-02-05,良,73,220,50,83,25,40,1.35,34
2018-02-06,良,62,118,40,68,30,40,1.22,31
2018-02-07,良,77,146,48,88,20,32,0.91,46
2018-02-08,良,76,110,53,92,25,38,1.27,40
2018-02-09,轻度污染,119,201,86,150,34,49,1.35,47
2018-02-10,良,70,120,32,89,24,28,0.86,53
2018-02-11,良,82,180,45,105,26,42,1.12,34
2018-02-12,良,64,138,30,76,27,46,0.92,36
2018-02-13,良,83,220,57,110,27,57,1.15,60
2018-02-14,良,89,226,59,113,22,44,1.22,56
2018-02-15,优,48,32,27,49,23,25,0.78,68
2018-02-16,轻度污染,135,218,102,136,34,38,0.91,53
2018-02-17,轻度污染,131,288,99,141,35,34,1.17,80
2018-02-18,良,51,99,32,51,18,26,0.72,74
2018-02-19,良,76,265,54,84,23,38,0.82,55
2018-02-20,轻度污染,116,320,86,118,18,36,0.99,55
2018-02-21,轻度污染,102,302,75,107,13,28,1.07,67
2018-02-22,轻度污染,127,330,91,139,19,40,1.39,49
2018-02-23,良,92,316,66,105,23,51,1.17,51
2018-02-24,良,69,236,39,86,15,27,1.03,64
2018-02-25,良,94,288,68,113,25,45,1.47,43
2018-02-26,轻度污染,120,298,90,138,17,35,1.13,62
2018-02-27,中度污染,151,323,113,182,23,46,1.51,62
2018-02-28,中度污染,176,335,133,183,9,41,1.51,48
2018-03-01,良,58,135,26,66,12,21,0.65,69
2018-03-02,良,70,198,46,85,18,28,0.84,60
2018-03-03,轻度污染,110,288,82,124,8,29,1.07,39
2018-03-04,优,46,74,27,48,5,22,1.05,40
2018-03-05,良,52,212,27,54,13,24,0.79,56
2018-03-06,良,65,264,41,77,25,36,1.39,49
2018-03-07,良,56,216,33,60,12,34,0.78,53
2018-03-08,良,72,255,49,77,11,30,0.89,58
2018-03-09,良,88,262,62,99,21,43,1.09,62
2018-03-10,轻度污染,137,329,103,160,19,43,1.1,84
2018-03-11,轻度污染,146,318,109,173,23,52,1.63,71
2018-03-12,良,95,244,69,111,24,43,1.07,96
2018-03-13,良,76,161,49,83,17,29,0.89,119
2018-03-14,良,78,200,54,89,16,25,1.0,119
2018-03-15,良,72,206,42,89,9,20,0.95,68
2018-03-16,优,45,55,17,35,10,16,0.82,84
2018-03-17,良,78,283,56,84,27,44,1.33,46
2018-03-18,轻度污染,126,323,95,105,7,39,1.59,37
2018-03-19,良,86,267,61,81,12,20,1.17,74
2018-03-20,优,48,124,22,46,12,18,0.88,73
2018-03-21,良,60,177,40,66,18,41,1.12,50
2018-03-22,轻度污染,110,323,82,115,31,64,1.41,39
2018-03-23,轻度污染,138,327,104,157,22,54,1.5,75
2018-03-24,良,68,102,43,64,13,32,1.12,95
2018-03-25,轻度污染,114,286,74,117,19,33,1.02,159
2018-03-26,轻度污染,109,271,69,131,21,35,1.06,128
2018-03-27,良,78,181,44,101,16,29,0.93,105
2018-03-28,良,74,146,42,96,13,33,0.95,99
2018-03-29,轻度污染,108,287,75,143,17,49,1.24,73
2018-03-30,良,78,199,46,103,29,42,1.23,68
2018-03-31,良,88,211,63,113,14,29,0.78,93
2018-04-01,轻度污染,128,305,93,187,21,34,1.1,100
2018-04-02,轻度污染,101,244,60,146,19,25,0.96,136
2018-04-03,良,97,248,56,134,18,24,0.85,82
2018-04-04,优,40,12,18,36,10,17,0.53,64
2018-04-05,良,71,244,47,69,11,40,0.97,27
2018-04-05,良,71,244,47,69,11,40,0.97,27
2018-04-06,良,67,136,26,81,6,19,0.58,69
2018-04-07,优,48,30,15,48,11,21,0.57,76
2018-04-08,良,77,185,34,102,16,28,0.73,77
2018-04-09,良,82,190,49,110,28,29,0.9,98
2018-04-10,重度污染,245,340,114,351,18,35,0.78,78
2018-04-11,轻度污染,103,257,57,136,17,31,0.83,73
2018-04-12,良,82,260,56,105,37,45,1.39,56
2018-04-13,优,50,124,22,39,8,19,0.66,89
2018-04-14,良,76,257,31,98,7,25,0.74,72
2018-04-15,良,75,213,29,97,9,36,0.58,67
2018-04-16,良,100,245,48,148,19,32,0.94,95
2018-04-17,轻度污染,102,246,56,152,22,32,0.79,111
2018-04-18,轻度污染,101,244,46,144,19,25,0.8,135
2018-04-19,良,98,245,44,109,18,25,0.78,147
2018-04-20,轻度污染,115,317,51,112,18,29,0.79,171
2018-04-21,轻度污染,104,351,56,121,17,30,0.95,156
2018-04-22,良,57,232,38,42,4,24,0.89,63
2018-04-23,优,48,129,27,39,3,15,0.81,90
2018-04-24,良,64,249,26,49,8,21,0.7,110
2018-04-25,良,70,194,32,62,13,38,0.83,102
2018-04-26,良,85,240,58,100,9,42,0.88,85
2018-04-27,良,88,246,47,105,10,34,0.97,111
2018-04-28,良,93,234,50,100,16,33,0.85,115
2018-04-29,良,88,210,48,85,15,27,0.82,137
2018-04-30,良,98,283,61,100,19,26,0.97,128
2018-05-01,良,76,242,49,84,6,24,0.96,101
2018-05-02,良,60,177,18,44,2,15,0.54,102
2018-05-03,优,50,57,15,39,5,22,0.48,87
2018-05-04,良,67,158,22,68,14,24,0.61,108
2018-05-05,良,60,176,29,63,5,21,0.79,90
2018-05-06,良,69,265,36,79,5,25,0.96,98
2018-05-07,良,86,313,35,99,13,27,0.94,138
2018-05-08,良,83,288,40,98,18,26,0.93,117
2018-05-09,良,78,242,41,87,25,41,1.15,106
2018-05-10,良,83,260,37,70,14,26,0.7,137
2018-05-11,良,72,257,46,85,12,27,0.7,99
2018-05-12,良,84,267,52,101,16,32,0.86,102
2018-05-13,良,90,273,38,97,10,23,0.88,126
2018-05-14,良,87,251,28,70,11,24,0.75,142
2018-05-15,良,72,232,30,70,6,15,0.73,115
2018-05-16,良,56,175,25,51,4,15,0.78,78
2018-05-17,优,50,96,28,44,3,27,0.72,60
2018-05-18,良,80,294,25,61,12,20,0.93,135
2018-05-19,良,70,291,20,51,10,22,0.83,121
2018-05-20,良,51,164,17,24,5,11,0.67,99
2018-05-21,优,45,115,19,35,9,18,0.79,80
2018-05-22,良,53,191,19,57,5,24,0.81,68
2018-05-23,良,92,278,44,128,13,36,0.75,100
2018-05-24,良,83,221,37,98,12,23,0.63,123
2018-05-25,良,99,304,48,108,21,32,0.93,134
2018-05-26,轻度污染,111,285,54,117,22,41,1.07,142
2018-05-27,良,97,284,51,142,12,40,0.88,106
2018-05-28,轻度污染,127,337,58,155,19,46,0.87,146
2018-05-29,轻度污染,104,304,40,128,23,30,0.96,157
2018-05-30,轻度污染,101,304,31,74,14,33,0.85,146
2018-05-31,轻度污染,118,346,34,70,13,33,0.85,172
2018-06-01,轻度污染,106,297,35,70,19,39,0.9,151
2018-06-02,良,100,288,34,77,16,29,0.68,161
2018-06-03,轻度污染,138,352,46,92,19,27,0.68,207
2018-06-04,轻度污染,120,349,44,130,26,34,0.67,178
2018-06-05,轻度污染,130,355,47,160,25,32,0.65,184
2018-06-06,轻度污染,118,331,43,148,11,23,0.52,176
2018-06-07,轻度污染,118,333,39,123,22,22,0.44,179
2018-06-08,轻度污染,118,344,42,127,21,20,0.87,178
2018-06-09,良,68,301,35,68,8,22,0.63,116
2018-06-10,良,53,127,20,41,5,18,0.53,98
2018-06-11,良,84,282,21,59,9,31,0.58,119
2018-06-12,轻度污染,120,351,35,104,18,32,0.79,176
2018-06-13,良,87,300,29,98,14,27,0.54,130
2018-06-14,良,81,263,28,66,13,23,0.82,112
2018-06-15,良,96,297,24,62,20,25,0.82,147
2018-06-16,良,77,253,30,76,13,21,0.69,113
2018-06-17,良,80,266,29,81,14,21,0.52,111
2018-06-18,良,87,314,30,83,16,19,0.65,122
2018-06-19,良,89,339,40,89,10,25,0.52,141
2018-06-20,轻度污染,109,354,49,107,14,29,0.69,145
2018-06-21,轻度污染,111,345,41,106,15,25,0.6,157
2018-06-22,良,82,286,17,59,14,22,0.47,132
2018-06-23,良,93,298,18,59,19,16,0.45,155
2018-06-24,轻度污染,102,318,21,62,20,14,0.46,165
2018-06-25,良,70,286,31,64,8,19,0.69,93
2018-06-26,优,35,106,11,19,4,15,0.5,69
2018-06-27,良,70,307,25,57,5,14,0.68,114
2018-06-28,良,80,328,17,47,7,13,0.67,134
2018-06-29,良,86,311,22,72,19,27,0.8,117
2018-06-30,良,95,341,28,72,20,15,0.77,142
2018-07-01,良,75,300,28,65,15,12,0.71,117
2018-07-02,良,68,287,21,60,20,13,0.55,114
2018-07-03,良,98,345,34,93,17,18,0.8,145
2018-07-04,良,97,348,51,114,21,22,0.95,142
2018-07-05,轻度污染,107,343,42,101,15,24,0.67,141
2018-07-06,良,90,324,36,81,23,17,0.71,122
2018-07-07,良,63,308,22,58,20,13,0.46,86
2018-07-08,优,46,231,18,46,14,12,0.31,56
2018-07-09,优,33,126,15,32,12,13,0.55,43
2018-07-10,优,48,227,21,45,10,18,0.51,63
2018-07-11,良,63,289,31,72,12,18,0.59,76
2018-07-12,良,55,269,23,60,8,15,0.31,59
2018-07-13,良,74,348,25,69,8,15,0.36,120
2018-07-14,良,58,263,22,50,6,19,0.35,88
2018-07-15,良,61,267,25,55,10,16,0.4,91
2018-07-16,良,88,350,29,77,10,14,0.39,148
2018-07-17,良,88,357,29,75,11,15,0.35,141
2018-07-18,良,74,333,24,67,9,16,0.33,128
2018-07-19,良,87,347,34,78,12,20,0.38,133
2018-07-20,良,90,343,28,80,12,18,0.36,133
2018-07-21,良,86,331,36,77,10,16,0.32,123
2018-07-22,良,66,267,29,66,19,14,0.4,86
2018-07-23,优,37,73,12,35,6,8,0.16,46
2018-07-24,优,41,115,14,40,6,15,0.19,69
2018-07-25,良,74,306,27,76,13,29,0.35,100
2018-07-26,良,70,283,28,68,14,24,0.57,106
2018-07-27,良,58,260,26,56,14,21,0.6,79
2018-07-28,优,49,166,22,41,8,15,0.62,85
2018-07-29,良,51,154,20,48,7,19,0.4,77
2018-07-30,良,68,259,36,78,9,25,0.43,73
2018-07-31,良,69,295,25,56,9,18,0.42,108
2018-08-01,良,82,341,31,69,11,20,0.64,127
2018-08-02,良,86,330,36,70,15,10,0.78,149
2018-08-03,良,87,317,36,74,18,11,0.81,131
2018-08-04,优,50,193,20,44,11,9,0.47,92
2018-08-05,良,56,217,25,47,7,9,0.42,98
2018-08-06,良,74,310,35,66,10,12,0.56,120
2018-08-07,良,84,334,38,69,8,12,0.52,137
2018-08-08,良,83,331,37,68,10,13,0.47,136
2018-08-09,良,74,299,42,69,9,19,0.59,103
2018-08-10,轻度污染,107,351,52,85,13,17,0.94,143
2018-08-11,良,95,333,26,57,17,15,0.54,158
2018-08-12,良,84,328,27,60,12,14,0.52,136
2018-08-13,优,48,183,28,48,13,12,0.61,49
2018-08-14,优,31,82,12,20,6,8,0.41,58
2018-08-15,优,36,105,10,25,4,7,0.33,68
2018-08-16,优,34,67,14,30,6,9,0.39,65
2018-08-17,良,58,282,24,53,8,9,0.41,102
2018-08-18,优,22,3,13,16,4,3,0.24,34
2018-08-19,优,14,1,7,10,4,10,0.43,26
2018-08-20,优,27,9,8,17,4,12,0.32,52
2018-08-21,良,87,338,28,73,13,21,0.97,126
2018-08-22,良,79,335,46,82,10,20,1.08,103
2018-08-23,良,68,266,21,49,9,14,0.6,123
2018-08-25,良,99,328,32,87,19,22,1.28,154
2018-08-27,良,71,264,19,62,13,16,0.57,113
2018-08-29,良,90,325,56,106,9,20,1.14,139
2018-08-31,优,42,178,15,33,8,17,0.46,91
2018-09-02,良,59,297,22,58,12,17,0.44,102
2018-09-03,良,71,320,24,64,7,14,0.38,125
2018-09-04,优,39,125,9,27,4,18,0.22,70
2018-09-05,良,66,270,26,81,12,44,0.5,66
2018-09-06,良,68,284,26,84,8,21,0.45,93
2018-09-07,优,41,157,8,37,5,19,0.29,62
2018-09-08,良,56,287,14,50,12,31,0.42,71
2018-09-09,良,57,243,21,57,10,26,0.64,83
2018-09-10,良,64,284,31,68,16,29,0.56,72
2018-09-11,良,75,341,30,75,16,28,0.56,98
2018-09-12,良,72,314,32,79,16,27,0.49,103
2018-09-13,良,72,328,34,87,15,28,0.56,89
2018-09-14,良,74,333,46,92,17,35,0.7,66
2018-09-15,良,72,329,41,91,15,38,0.67,56
2018-09-16,良,57,296,36,62,8,34,0.65,41
2018-09-17,良,68,329,35,83,9,29,0.76,47
2018-09-18,良,80,350,42,107,13,33,1.07,74
2018-09-19,优,39,143,21,34,4,32,1.31,38
2018-09-20,优,38,95,14,36,4,37,0.89,39
2018-09-21,良,71,321,29,89,9,38,0.95,56
2018-09-22,良,77,335,28,102,10,42,0.74,50
2018-09-23,良,65,279,20,78,12,37,0.62,55
2018-09-24,优,49,184,15,46,9,25,0.5,57
2018-09-25,良,56,279,22,61,16,33,1.05,55
2018-09-26,良,62,317,28,71,12,28,0.63,72
2018-09-27,良,78,340,42,97,20,35,1.01,89
2018-09-28,良,88,355,48,124,20,50,0.58,65
2018-09-29,良,93,353,41,134,21,49,0.73,65
2018-09-30,良,59,216,14,68,11,22,0.36,54
2018-10-01,优,45,152,10,43,8,22,0.32,59
2018-10-02,良,70,299,29,88,15,47,0.55,45
2018-10-03,良,78,312,39,101,25,51,1.08,64
2018-10-04,良,92,338,54,120,24,56,1.06,88
2018-10-05,良,97,328,50,112,20,41,0.88,119
2018-10-06,良,92,309,54,128,15,62,0.71,84
2018-10-07,良,68,196,27,85,24,36,0.71,51
2018-10-08,良,91,301,46,130,22,40,0.79,58
2018-10-09,良,80,306,36,108,14,29,0.62,53
2018-10-10,良,56,237,14,63,13,32,0.43,36
2018-10-11,良,62,280,26,73,15,34,0.72,41
2018-10-12,良,86,337,51,121,24,50,1.13,60
2018-10-13,轻度污染,105,353,74,152,26,51,0.89,72
2018-10-14,良,89,322,62,115,23,44,0.75,84
2018-10-15,良,84,317,54,112,17,49,0.8,62
2018-10-16,轻度污染,110,341,74,142,18,56,0.87,51
2018-10-17,良,83,310,52,98,10,35,0.73,62
2018-10-18,良,52,196,20,57,15,30,0.75,58
2018-10-19,良,57,241,24,64,18,40,0.94,42
2018-10-20,良,73,290,40,94,23,46,1.04,47
2018-10-21,良,74,269,43,96,18,43,0.85,38
2018-10-22,良,87,292,56,118,15,44,0.64,55
2018-10-23,良,82,322,31,111,12,40,0.72,50
2018-10-24,轻度污染,101,327,59,149,17,52,0.92,62
2018-10-25,轻度污染,134,350,100,187,18,45,0.93,75
2018-10-26,良,98,352,39,139,10,30,0.55,41
2018-10-27,良,75,327,23,99,18,48,0.66,24
2018-10-28,良,79,337,36,107,22,52,0.76,29
2018-10-29,良,65,249,27,77,25,34,0.81,42
2018-10-30,良,64,212,30,76,19,40,0.85,37
2018-10-31,良,75,272,43,97,23,50,1.19,36
2018-11-01,轻度污染,103,336,71,147,21,64,1.15,34
2018-11-02,轻度污染,132,350,99,177,23,67,1.48,60
2018-11-03,良,95,313,70,116,17,40,0.71,77
2018-11-04,良,90,308,64,114,17,45,0.92,51
2018-11-05,良,79,326,56,89,10,34,0.82,28
2018-11-06,优,40,173,26,38,9,29,0.6,24
2018-11-07,良,59,279,36,67,13,43,0.83,16
2018-11-08,良,58,257,40,53,9,31,0.71,30
2018-11-09,良,81,310,57,99,14,43,0.98,27
2018-11-10,良,97,333,68,126,21,51,1.25,32
2018-11-11,轻度污染,110,354,83,113,18,53,1.18,25
2018-11-12,轻度污染,130,336,98,147,15,47,1.23,34
2018-11-13,中度污染,160,342,121,182,15,54,1.41,37
2018-11-14,轻度污染,147,322,111,166,13,47,1.0,47
2018-11-15,良,86,289,62,95,7,40,0.63,49
2018-11-16,优,45,236,23,42,6,20,0.45,45
2018-11-17,良,70,323,42,84,18,42,0.95,20
2018-11-18,轻度污染,122,357,92,151,12,47,0.93,13
2018-11-19,轻度污染,114,338,84,143,18,45,1.17,31
2018-11-20,中度污染,167,363,126,178,16,55,1.07,34
2018-11-21,轻度污染,119,333,88,135,9,42,0.85,34
2018-11-22,良,99,321,71,130,15,46,0.94,28
2018-11-23,轻度污染,128,342,96,161,22,55,0.96,45
2018-11-24,轻度污染,149,315,113,182,24,64,1.27,24
2018-11-25,中度污染,187,321,144,215,30,63,1.47,36
2018-11-26,重度污染,202,297,154,221,19,46,1.09,74
2018-11-27,严重污染,312,344,173,362,18,59,1.62,39
2018-11-28,严重污染,356,360,140,465,24,54,1.62,33
2018-11-29,严重污染,269,356,184,388,19,60,1.82,25
2018-11-30,中度污染,173,288,124,270,20,48,1.2,33
2018-12-01,重度污染,204,306,155,291,22,48,1.75,42
2018-12-02,良,85,192,62,97,11,44,0.84,29
2018-12-03,轻度污染,105,221,69,127,8,46,1.59,13
2018-12-04,轻度污染,120,306,42,187,13,33,0.6,33
2018-12-05,良,78,263,44,90,16,32,0.62,19
2018-12-06,良,79,315,52,85,9,31,0.7,23
2018-12-07,优,41,179,15,41,12,19,0.48,40
2018-12-08,良,62,298,27,72,15,42,0.63,18
2018-12-09,良,77,297,48,101,26,47,1.05,17
2018-12-10,轻度污染,111,306,82,142,34,58,1.34,17
2018-12-11,轻度污染,115,312,84,148,24,60,1.19,20
2018-12-12,良,78,199,48,103,17,52,0.92,22
2018-12-13,轻度污染,102,233,75,131,20,55,1.19,21
2018-12-14,良,96,226,69,121,24,52,1.27,20
2018-12-15,轻度污染,108,271,79,123,19,54,1.04,19
2018-12-16,重度污染,207,355,166,218,12,65,1.41,6
2018-12-17,重度污染,234,365,184,274,31,77,2.22,15
2018-12-18,中度污染,170,351,129,205,37,72,2.05,19
2018-12-19,重度污染,237,354,186,265,47,82,2.63,17
2018-12-20,轻度污染,120,277,87,156,30,47,1.41,48
2018-12-21,重度污染,211,348,163,254,22,62,1.5,19
2018-12-28,良,54,234,16,57,9,32,0.7,38
2018-12-29,良,62,259,31,73,19,53,1.06,21
2018-12-30,良,69,254,42,86,25,49,1.3,26
2018-12-31,良,89,283,64,114,33,54,1.64,27
2019-01-01,轻度污染,142,322,107,171,39,73,1.78,15
2019-01-02,中度污染,184,332,140,193,43,77,2.2,20
2019-01-03,重度污染,250,355,199,262,49,81,2.39,30
2019-01-04,严重污染,295,358,244,298,28,80,2.35,15
2019-01-05,轻度污染,101,269,70,127,26,58,1.6,32
2019-01-06,中度污染,166,317,129,170,27,60,1.66,42
2019-01-07,严重污染,268,348,217,295,31,85,2.4,44
2019-01-08,轻度污染,138,293,99,165,22,53,1.54,33
2019-01-09,良,75,252,37,93,19,40,1.06,31
2019-01-10,轻度污染,138,317,104,134,9,46,1.13,20
2019-01-11,轻度污染,148,280,112,135,9,46,1.12,22
2019-01-12,重度污染,219,321,172,212,14,46,1.42,44
2019-01-13,严重污染,323,359,272,357,15,77,2.36,26
2019-01-14,严重污染,297,353,246,341,24,83,3.08,26
2019-01-15,轻度污染,123,274,56,164,8,29,0.92,50
2019-01-16,良,67,201,28,81,17,40,0.9,30
2019-01-17,轻度污染,102,294,71,138,25,61,1.35,21
2019-01-18,中度污染,153,334,115,183,35,61,1.76,30
2019-01-19,中度污染,175,340,133,195,34,78,1.89,24
2019-01-20,良,81,222,49,100,16,49,1.15,33
2019-01-21,轻度污染,112,311,78,148,31,67,1.45,18
2019-01-22,轻度污染,135,346,99,185,34,70,1.7,21
2019-01-23,轻度污染,110,268,80,147,32,64,1.71,27
2019-01-24,轻度污染,142,288,106,163,39,70,1.85,35
2019-01-25,轻度污染,115,261,76,131,22,41,1.24,47
2019-01-26,良,71,175,40,85,17,47,1.17,33
2019-01-27,良,79,185,54,99,17,43,0.99,46
2019-01-28,良,94,229,60,120,19,42,1.17,42
2019-01-29,轻度污染,113,254,81,153,28,49,1.45,40
2019-01-30,轻度污染,143,302,100,173,25,53,1.5,40
2019-01-31,良,65,255,24,78,14,18,0.76,57
2019-02-01,轻度污染,111,337,81,131,13,32,1.01,51
2019-02-02,轻度污染,129,310,96,118,13,28,1.23,58
2019-02-03,轻度污染,147,321,99,174,23,40,1.38,42
2019-02-04,轻度污染,138,301,101,200,29,36,1.43,60
2019-02-05,轻度污染,150,247,114,186,27,25,1.22,84
2019-02-06,中度污染,190,331,145,191,15,31,1.68,37
2019-02-07,良,71,230,40,81,11,10,0.86,60
2019-02-08,良,68,283,45,72,16,19,1.0,40
2019-02-09,良,75,279,49,81,14,18,1.01,51
2019-02-10,良,82,279,59,80,12,21,1.09,45
2019-02-11,轻度污染,123,320,93,115,11,21,0.98,64
2019-02-12,中度污染,161,333,122,154,24,44,1.4,42
2019-02-13,中度污染,190,355,147,184,16,42,1.59,26
2019-02-14,轻度污染,114,324,85,100,8,32,1.33,26
2019-02-15,轻度污染,106,313,78,104,10,24,0.89,46
2019-02-16,良,57,199,35,60,10,31,0.66,49
2019-02-17,良,60,241,35,66,15,43,0.73,35
2019-02-18,良,93,310,68,102,25,46,1.02,27
2019-02-19,中度污染,178,345,135,144,13,44,1.13,28
2019-02-20,重度污染,208,326,165,195,22,51,1.56,44
2019-02-21,轻度污染,135,288,102,138,33,52,1.75,58
2019-02-22,中度污染,170,324,129,177,39,67,1.54,41
2019-02-23,中度污染,185,330,140,185,30,66,1.73,58
2019-02-24,重度污染,212,341,162,220,38,76,1.84,55
2019-02-25,重度污染,232,356,181,250,43,80,1.98,61
2019-02-26,中度污染,162,324,122,180,38,48,1.36,79
2019-02-27,轻度污染,127,293,95,125,19,40,0.92,66
2019-02-28,中度污染,170,330,129,173,20,59,1.02,55
2019-03-01,重度污染,211,351,160,206,22,55,1.31,76
2019-03-02,中度污染,194,347,151,215,20,54,1.23,70
2019-03-03,中度污染,154,313,116,178,13,44,0.82,63
2019-03-04,轻度污染,132,299,100,148,15,51,0.85,65
2019-03-05,中度污染,164,334,124,170,20,45,0.95,78
2019-03-06,良,90,256,37,122,10,23,0.56,76
2019-03-07,良,64,188,32,75,13,31,0.64,56
2019-03-08,良,91,327,62,121,20,46,0.87,55
2019-03-09,轻度污染,102,332,76,114,19,37,0.75,68
2019-03-10,轻度污染,148,356,112,169,16,53,0.97,71
2019-03-11,良,86,293,49,107,10,24,0.62,73
2019-03-12,良,57,118,16,63,8,25,0.56,58
2019-03-13,良,71,224,33,91,15,41,0.81,41
2019-03-14,良,83,338,50,111,18,45,0.68,50
2019-03-15,良,67,275,24,83,12,43,0.6,50
2019-03-16,良,73,272,42,94,21,36,0.7,62
2019-03-17,良,89,298,59,124,34,38,1.18,76
2019-03-18,轻度污染,106,339,72,132,19,29,0.67,93
2019-03-19,良,89,299,55,101,15,25,0.59,109
2019-03-20,良,89,290,63,94,14,35,1.03,86
2019-03-21,良,65,201,20,76,7,19,0.48,74
2019-03-22,良,57,258,26,63,16,30,0.66,62
2019-03-23,良,55,239,21,58,8,25,0.58,63
2019-03-24,良,95,334,63,110,16,41,0.69,68
2019-03-25,轻度污染,102,341,76,122,18,33,0.73,83
2019-03-26,轻度污染,111,339,75,143,20,40,0.81,79
2019-03-27,良,96,302,61,135,22,35,0.89,98
2019-03-28,良,94,304,48,136,22,35,1.11,76
2019-03-29,轻度污染,115,349,78,134,19,44,0.92,26
2019-03-30,良,78,274,18,98,5,18,0.59,73
2019-03-31,良,72,310,25,93,15,41,0.82,54
2019-04-01,良,90,345,54,123,24,44,1.05,65
2019-04-02,良,85,317,55,106,20,29,0.93,97
2019-04-03,良,92,315,65,118,20,32,1.0,107
2019-04-04,轻度污染,113,314,84,139,19,33,0.84,131
2019-04-05,轻度污染,135,330,100,164,21,33,0.97,133
2019-04-06,轻度污染,115,324,79,163,22,29,0.84,94
2019-04-07,轻度污染,137,352,94,197,23,32,1.18,123
2019-04-08,轻度污染,123,338,82,179,31,43,1.52,76
2019-04-09,优,47,150,15,40,6,16,0.59,81
2019-04-10,良,58,255,40,55,7,27,0.64,81
2019-04-11,轻度污染,115,350,86,114,10,49,0.86,51
2019-04-12,轻度污染,136,353,102,128,14,39,0.93,62
2019-04-13,轻度污染,112,327,83,124,18,30,0.76,97
2019-04-14,良,70,295,16,86,6,21,0.53,90
2019-04-15,良,79,319,44,93,16,36,0.58,95
2019-04-16,良,89,319,65,106,20,29,0.78,122
2019-04-17,良,93,299,46,122,16,21,0.63,117
2019-04-18,轻度污染,105,307,36,155,18,24,0.73,113
2019-04-19,良,91,310,35,130,18,32,1.1,78
2019-04-20,良,82,312,48,107,22,31,0.53,96
2019-04-21,轻度污染,113,341,82,157,23,36,1.1,99
2019-04-22,良,64,217,39,72,12,17,0.51,55
2019-04-23,优,45,89,26,44,7,14,0.38,49
2019-04-24,良,64,187,36,76,10,26,0.57,48
2019-04-25,优,45,94,17,45,5,16,0.47,67
2019-04-26,良,52,172,23,48,8,18,0.47,89
2019-04-27,良,65,299,41,68,15,29,0.72,72
2019-04-28,良,54,191,35,51,13,23,0.76,82
2019-04-29,轻度污染,105,339,78,107,17,33,0.48,90
